address,kind,depth,title,source_line,note
1000,h,0,Humanities,8,
1010,h,1,Performing arts,10,
1010/1,b,4,Music,12,
1010/1a,b,5,Accompanying,13,
1010/1b,b,5,Chamber music,14,
1010/1c,b,5,Church music,15,
1010/1d,b,5,Conducting,16,
1010/1d1,b,6,Choral conducting,17,
1010/1d2,b,6,Orchestral conducting,18,
1010/1d3,b,6,Wind ensemble conducting,19,
1010/1e,b,5,Early music,20,
1010/1f,b,5,Jazz studies,21,
1010/1g,b,5,Musical composition,22,
1010/1h,b,5,Music education,23,
1010/1i,b,5,Music genre,24,
1010/1i1,b,6,List of music genres and styles,25,
1010/1j,b,5,Musicology,26,
1010/1j1,b,6,Historical musicology,27,
1010/1j2,b,6,Systematic musicology,28,
1010/1j3,b,6,Ethnomusicology,29,
1010/1k,b,5,Music theory,30,
1010/1l,b,5,Orchestral studies,31,
1010/1m,b,5,Organology,32,
1010/1m1,b,6,Organ and historical keyboards,33,
1010/1m2,b,6,Piano,34,
1010/1m3,b,6,"Strings, harp, oud, and guitar",35,
1010/1m4,b,6,Singing,36,
1010/1m5,b,6,"Woodwinds, brass, and percussion",37,
1010/1n,b,5,Recording,38,
1010/2,b,4,Dance,39,
1010/2a,b,5,Choreography,40,
1010/2b,b,5,Dance notation,41,
1010/2c,b,5,Ethnochoreology,42,
1010/2d,b,5,History of dance,43,
1010/3,b,4,Television,44,
1010/3a,b,5,Television studies,45,
1010/4,b,4,Theatre,46,
1010/4a,b,5,Acting,47,
1010/4b,b,5,Directing,48,
1010/4c,b,5,Dramaturgy,49,
1010/4d,b,5,History of theatre,50,
1010/4e,b,5,Musical theatre,51,
1010/4f,b,5,Playwrighting,52,
1010/4g,b,5,Puppetry,53,
1010/4h,b,5,Scenography,54,
1010/4i,b,5,Stage design,55,
1010/4j,b,5,Ventriloquism,56,
1010/5,b,4,Film,57,
1010/5a,b,5,Animation,58,
1010/5b,b,5,Film criticism,59,
1010/5c,b,5,Filmmaking,60,
1010/5d,b,5,Film theory,61,
1010/5e,b,5,Film studies,62,
1010/5f,b,5,Live action,63,
1010/6,b,4,Oral literature,64,
1010/6a,b,5,Public speaking,65,
1010/6b,b,5,Performance poetry,66,
1010/6c,b,5,Spoken word,67,
1010/6d,b,5,Storytelling,68,
1010/7,b,4,Electronic game,69,
1010/7a,b,5,Arcade game,70,
1010/7b,b,5,Audio game,71,
1010/7c,b,5,Outline of video games,72,
1020,h,1,Visual arts,74,
1020/1,b,4,Applied arts,76,
1020/1a,b,5,Craft,77,
1020/1a1,b,6,Calligraphy,78,
1020/1a2,b,6,Decorative arts,79,
1020/1a3,b,6,Fashion,80,
1020/1a4,b,6,Paper craft,81,
1020/1a5,b,6,Textile arts,82,
1020/1a6,b,6,Woodwork,83,
1020/1a7,b,6,Metalwork,84,
1020/1a8,b,6,Pottery,85,
1020/1a9,b,6,Graphic design,86,
1020/1b,b,5,Architecture (Outline of architecture),87,
1020/1b1,b,6,Interior architecture,88,
1020/1b2,b,6,Landscape architecture,89,
1020/1b2a,b,7,Landscape design,90,
1020/1b2b,b,7,Landscape planning,91,
1020/1b3,b,6,Architectural analytics,92,
1020/1b4,b,6,Historic preservation,93,
1020/1b5,b,6,Interior design (interior architecture),94,
1020/1b6,b,6,Technical drawing,95,
1020/2,b,4,Art director,96,
1020/3,b,4,Fine arts,97,
1020/3a,b,5,Graphic arts,98,
1020/3a1,b,6,Drawing,99,
1020/3a2,b,6,Painting,100,
1020/3a3,b,6,Photography,101,
1020/3a4,b,6,Printmaking,102,
1020/3b,b,5,Sculpture,103,
1020/4,b,4,Digital art,104,
1020/4a,b,5,3D Modeling,105,
1020/4b,b,5,Animation,106,
1020/4c,b,5,Digital painting,107,
1020/5,b,4,Mixed media,108,
1020/6,b,4,Studio art,109,
1020/7,b,4,Culinary Arts,110,
1020/7a,b,5,Food photography,111,
1020/7b,b,5,Food presentation,112,
1020/7c,b,5,Gourmet,113,
1030,h,1,History,115,Also regarded as a Social science
1030/1,b,4,Prehistory,119,
1030/2,b,4,Ancient history,120,
1030/2a,b,5,Ancient Egypt,121,
1030/2b,b,5,Carthage,122,
1030/2c,b,5,Ancient Greek history,123,
1030/2d,b,5,Ancient Roman history,124,
1030/2d1,b,6,History of the Roman Republic,125,
1030/2d2,b,6,History of the Roman Empire,126,
1030/2e,b,5,Ancient Chinese history,127,
1030/2f,b,5,Ancient Middle Eastern history,128,
1030/2g,b,5,Assyrian Civilization,129,
1030/2h,b,5,Bronze Age Civilizations,130,
1030/2i,b,5,Biblical history,131,
1030/2j,b,5,History of the Indus Valley Civilization,132,
1030/2k,b,5,Preclassic Maya,133,
1030/2l,b,5,History of Mesopotamia,134,
1030/2m,b,5,The Stone Age,135,
1030/2n,b,5,History of the Yangtze civilization,136,
1030/2o,b,5,History of the Yellow River civilization,137,
1030/3,b,4,Modern history,138,
1030/4,b,4,Asian history,139,
1030/4a,b,5,Chinese history,140,
1030/4b,b,5,Japanese history,141,
1030/4c,b,5,Korean history,142,
1030/4d,b,5,Mongolian history,143,
1030/4e,b,5,Indian history,144,
1030/4f,b,5,Indonesian history,145,
1030/4g,b,5,Turkish history,146,
1030/4h,b,5,Iranian history,147,
1030/4i,b,5,Vietnamese history,148,
1030/4j,b,5,Philippine history,149,
1030/5,b,4,Australian history,150,
1030/6,b,4,European history,151,
1030/6a,b,5,British history,152,
1030/6b,b,5,French history,153,
1030/6c,b,5,German history,154,
1030/6d,b,5,Dutch history,155,
1030/6e,b,5,Italian history,156,
1030/6f,b,5,Spanish history,157,
1030/6g,b,5,Portuguese history,158,
1030/6h,b,5,Polish history,159,
1030/6i,b,5,Balkan history,160,
1030/6j,b,5,Scandinavian history,161,
1030/6j1,b,6,Swedish history,162,
1030/6j2,b,6,Norwegian history,163,
1030/6j3,b,6,Danish history,164,
1030/6j4,b,6,Finnish history,165,
1030/6j5,b,6,Icelandic history,166,
1030/6k,b,5,Russian history,167,
1030/7,b,4,African history,168,
1030/7a,b,5,South African history,169,
1030/7b,b,5,Egyptian history,170,
1030/7c,b,5,East and Central African history,171,
1030/7d,b,5,Nigerian history,172,
1030/8,b,4,Pre-Columbian era history,173,
1030/9,b,4,Pan-American history,174,
1030/9a,b,5,North American history,175,
1030/9a1,b,6,American history,176,
1030/9a2,b,6,Canadian history,177,
1030/9a3,b,6,Mexican history,178,
1030/9a4,b,6,Cuban history,179,
1030/9b,b,5,South American history,180,
1030/9b1,b,6,Latin American history,181,
1030/9b2,b,6,Brazilian history,182,
1030/9b3,b,6,Colombian history,183,
1030/9b4,b,6,Venezuelan history,184,
1030/9b5,b,6,Peruvian history,185,
1030/9b6,b,6,Argentine history,186,
1030/9c,b,5,Pre-Columbian era,187,
1030/9c1,b,6,Mayan history,188,
1030/9c2,b,6,Aztec history,189,
1030/9c3,b,6,Inca history,190,
1030/9c4,b,6,Mississippian culture* Art History,191,
1030/10,b,4,Latin American history,192,
1030/11,b,4,Jewish history,193,
1030/12,b,4,Cultural history,194,
1030/13,b,4,Ecclesiastical history of the Catholic Church,195,
1030/14,b,4,Economic history,196,
1030/15,b,4,Environmental history,197,
1030/16,b,4,Intellectual history,198,
1030/17,b,4,Philosophical history,199,
1030/17a,b,5,Ancient philosophy,200,
1030/17b,b,5,Contemporary philosophy,201,
1030/17c,b,5,Medieval philosophy,202,
1030/17c1,b,6,Humanism,203,
1030/17c2,b,6,Scholasticism,204,
1030/17d,b,5,Modern philosophy,205,
1030/18,b,4,Political history,206,
1030/18a,b,5,History of political thought,207,
1030/19,b,4,Public history,208,
1030/20,b,4,Scientific history,209,
1030/21,b,4,Technological history,210,
1030/22,b,4,World history,211,
1040,h,1,Languages and literature,213,Linguistics listed in Social science
1040/1,b,4,Comics studies,217,
1040/2,b,4,Classics,218,
1040/3,b,4,Comparative literature,219,
1040/4,b,4,Creative writing,220,
1040/4a,b,5,Poetry,221,
1040/4b,b,5,Prose,222,
1040/4c,b,5,Non-fiction,223,
1040/4d,b,5,Fiction,224,
1040/4e,b,5,Creative nonfiction,225,
1040/4f,b,5,Literary journalism,226,
1040/4g,b,5,Screenwriting,227,
1040/4h,b,5,Playwrighting,228,
1040/5,b,4,English studies,229,
1040/6,b,4,English literature,230,
1040/7,b,4,History of literature,231,
1040/7a,b,5,Ancient literature,232,
1040/7b,b,5,Medieval literature,233,
1040/7c,b,5,Post-colonial literature,234,
1040/7d,b,5,Post-modern literature,235,
1040/8,b,4,Literary genre,236,
1040/9,b,4,Literary theory,237,
1040/9a,b,5,Critical theory,238,
1040/9b,b,5,Literary criticism,239,
1040/9c,b,5,Poetics,240,
1040/9d,b,5,Rhetoric,241,
1040/10,b,4,Languages,242,
1040/10a,b,5,Business English,243,
1040/10b,b,5,Classical language,244,
1040/10c,b,5,Modern language,245,
1040/10d,b,5,Standard English,246,
1040/10e,b,5,World Englishes,247,
1040/11,b,4,World literature,248,
1040/11a,b,5,American literature,249,
1040/11a1,b,6,African-American literature,250,
1040/11a2,b,6,Southern literature,251,
1040/11b,b,5,British literature,252,
1040/11c,b,5,Canadian literature,253,
1040/11d,b,5,Indian English literature,254,
1040/11e,b,5,Irish literature,255,
1040/11f,b,5,New Zealand literature,256,
1040/11g,b,5,Scottish literature,257,
1040/11h,b,5,South African literature,258,
1040/11i,b,5,Welsh literature,259,
1050,h,1,Law,261,Also regarded as a Social science
1050/1,b,4,Legal management (academic discipline),265,
1050/1a,b,5,Corporate law,266,
1050/1b,b,5,Mercantile law,267,
1050/1c,b,5,Business law,268,
1050/2,b,4,Administrative law,269,
1050/3,b,4,Canon law,270,
1050/4,b,4,Comparative law,271,
1050/5,b,4,Constitutional law,272,
1050/6,b,4,Competition law,273,
1050/7,b,4,Criminal law,274,
1050/7a,b,5,Criminal procedure,275,
1050/7b,b,5,Criminal justice,276,
1050/7b1,b,6,Police science,277,
1050/7b2,b,6,Forensic science,278,
1050/8,b,4,Islamic law,279,
1050/9,b,4,Jewish law,280,
1050/10,b,4,Jurisprudence (Philosophy of Law),281,
1050/11,b,4,Civil law,282,
1050/11a,b,5,Admiralty law,283,
1050/11b,b,5,Animal law/Animal rights,284,
1050/11c,b,5,Common law,285,
1050/11d,b,5,Corporations,286,
1050/11e,b,5,Civil procedure,287,
1050/11f,b,5,Contract law,288,
1050/11g,b,5,Environmental law,289,
1050/11h,b,5,Family law,290,
1050/11i,b,5,Federal law,291,
1050/11j,b,5,International law,292,
1050/11j1,b,6,Public international law,293,
1050/11j2,b,6,Supranational law,294,
1050/11k,b,5,Labor law,295,
1050/11l,b,5,Paralegal studies,296,
1050/11m,b,5,Property law,297,
1050/11n,b,5,Tax law,298,
1050/11o,b,5,Tort law,299,
1050/12,b,4,Law enforcement,300,
1050/13,b,4,Procedural law,301,
1050/14,b,4,Substantive law,302,
1060,h,1,Philosophy,304,"Also regarded as the separate, an entry at the highest level of the hierarchy"
1060/1,b,4,Aesthetics / Philosophy of art,308,
1060/2,b,4,Applied philosophy,309,
1060/2a,b,5,Philosophy of economics,310,
1060/2b,b,5,Philosophy of education,311,
1060/2c,b,5,Philosophy of engineering,312,
1060/2d,b,5,Philosophy of history,313,
1060/2e,b,5,Philosophy of language,314,
1060/2f,b,5,Philosophy of law,315,
1060/2g,b,5,Philosophy of mathematics,316,
1060/2h,b,5,Philosophy of music,317,
1060/2i,b,5,Philosophy of psychology,318,
1060/2j,b,5,Philosophy of religion,319,
1060/2k,b,5,Philosophy of physical sciences,320,
1060/2k1,b,6,Philosophy of biology,321,
1060/2k2,b,6,Philosophy of chemistry,322,
1060/2k3,b,6,Philosophy of physics,323,
1060/2l,b,5,Philosophy of social science,324,
1060/2m,b,5,Philosophy of technology,325,
1060/2n,b,5,Systems philosophy,326,
1060/2o,b,5,Political philosophy and Social philosophy,327,
1060/2o1,b,6,Anarchism,328,
1060/2o2,b,6,Feminist philosophy,329,
1060/2o3,b,6,Manosphere Schools of Gender Dynamics,330,
1060/2o4,b,6,Libertarianism,331,
1060/2o5,b,6,Marxism,332,
1060/3,b,4,Epistemology,333,
1060/3a,b,5,Justification,334,
1060/3b,b,5,Reasoning errors,335,
1060/4,b,4,Ethics,336,
1060/4a,b,5,Applied ethics,337,
1060/4a1,b,6,Animal rights,338,
1060/4a2,b,6,Bioethics,339,
1060/4a3,b,6,Environmental ethics,340,
1060/4b,b,5,Meta-ethics,341,
1060/4c,b,5,"Moral psychology, Descriptive ethics, Value theory",342,
1060/4d,b,5,Normative ethics,343,
1060/4d1,b,6,Virtue ethics,344,
1060/5,b,4,Logic,345,
1060/5a,b,5,Mathematical logic,346,
1060/5b,b,5,Philosophical logic,347,
1060/6,b,4,Meta-philosophy,348,
1060/7,b,4,Metaphysics,349,
1060/7a,b,5,Philosophy of Action,350,
1060/7b,b,5,Determinism and Free will,351,
1060/7c,b,5,Ontology,352,
1060/7d,b,5,Philosophy of mind,353,
1060/7d1,b,6,Philosophy of pain,354,
1060/7d2,b,6,Philosophy of artificial intelligence,355,
1060/7d3,b,6,Philosophy of perception,356,
1060/7d4,b,6,Neurophilosophy,357,
1060/7e,b,5,Philosophy of space and time,358,
1060/7f,b,5,Teleology,359,
1060/7g,b,5,Theism and Atheism,360,
1060/8,b,4,Philosophical traditions and schools,361,
1060/8a,b,5,African philosophy,362,
1060/8b,b,5,Analytic philosophy,363,
1060/8c,b,5,Aristotelianism,364,
1060/8d,b,5,Continental philosophy,365,
1060/8e,b,5,Eastern philosophy,366,
1060/8f,b,5,Feminist philosophy,367,
1060/8g,b,5,Islamic philosophy,368,
1060/8h,b,5,Platonism,369,
1060/9,b,4,History of philosophy,370,
1060/9a,b,5,Ancient philosophy,371,
1060/9b,b,5,Medieval philosophy,372,
1060/9b1,b,6,Scholasticism,373,
1060/9b2,b,6,Humanism,374,
1060/9c,b,5,Modern philosophy,375,
1060/9d,b,5,Contemporary philosophy,376,
1070,h,1,Religious studies,378,Also regarded as a social science
1070/1,b,4,History of Religion,382,
1070/2,b,4,Anthropology of Religion,383,
1070/3,b,4,Sociology of Religion,384,
1070/4,b,4,Psychology of Religion,385,
1070/5,b,4,Phenomenology of Religion,386,
1070/6,b,4,Philosophy of Religion,387,
1070/7,b,4,Comparative religion,388,
1070/8,b,4,Mythology and Folklore,389,
1070/9,b,4,Theism,390,
1070/10,b,4,Irreligion,391,
1080,h,1,Divinity,393,
1080/1,b,4,Canon law,395,
1080/2,b,4,Church history,396,
1080/3,b,4,Field ministry,397,
1080/3a,b,5,Pastoral counseling,398,
1080/3b,b,5,Pastoral theology,399,
1080/3c,b,5,Religious education techniques,400,
1080/3d,b,5,Homiletics,401,
1080/3e,b,5,Liturgy,402,
1080/3f,b,5,Sacred music,403,
1080/3g,b,5,Missiology,404,
1080/4,b,4,Hermeneutics,405,
1080/5,b,4,Scriptural study and languages,406,
1080/5a,b,5,Avestan,407,
1080/5b,b,5,Biblical Hebrew,408,
1080/5c,b,5,Biblical studies/Sacred Scripture,409,
1080/5d,b,5,Classical Arabic,410,
1080/5e,b,5,Classical Armenian,411,
1080/5f,b,5,Coptic,412,
1080/5g,b,5,Ge'ez,413,
1080/5h,b,5,Koine Greek,414,
1080/5i,b,5,Latin,415,
1080/5j,b,5,Old Church Slavonic,416,
1080/5k,b,5,Old Georgian,417,
1080/5l,b,5,Pali,418,
1080/5m,b,5,Syriac,419,
1080/5n,b,5,Vedic Sanskrit (Vedas),420,
1080/6,b,4,Theology,421,
1080/6a,b,5,Dogmatic theology,422,
1080/6b,b,5,Ecclesiology,423,
1080/6c,b,5,Sacramental theology,424,
1080/6d,b,5,Systematic theology,425,
1080/6e,b,5,Christian ethics,426,
1080/6f,b,5,Hindu ethics,427,
1080/6g,b,5,Moral theology,428,
1080/6h,b,5,Historical theology,429,
1090,h,1,Theology,431,
1090/1,b,4,Biblical studies,433,
1090/1a,b,5,"Biblical Hebrew, Koine Greek, Aramaic",434,
1090/2,b,4,Buddhist theology,435,
1090/2a,b,5,Pali Studies,436,
1090/3,b,4,Christian theology,437,
1090/3a,b,5,Anglican theology,438,
1090/3b,b,5,Baptist theology,439,
1090/3c,b,5,Catholic theology,440,
1090/3d,b,5,Eastern Orthodox theology,441,
1090/3e,b,5,Protestant theology,442,
1090/4,b,4,Hindu theology,443,
1090/4a,b,5,Sanskrit Studies,444,
1090/4b,b,5,Dravidian Studies,445,
1090/5,b,4,Jewish theology,446,
1090/6,b,4,Muslim theology,447,
1090/6a,b,5,Arabic Studies,448,
1090/7,b,4,Buddhist studies,449,
1100,h,1,Religion,451,
1100/1,b,4,Abrahamic religions,453,
1100/1a,b,5,Christianity,454,
1100/1a1,b,6,Christian theology,455,
1100/1b,b,5,Islam/ Islamic studies,456,
1100/1c,b,5,Judaism/ Jewish studies,457,
1100/2,b,4,Apologetics,458,
1100/3,b,4,Indian religions,459,
1100/3a,b,5,Buddhism/ Buddhist studies,460,
1100/3b,b,5,Hinduism,461,
1100/3c,b,5,Jainism,462,
1100/3d,b,5,Sikhism,463,
1100/4,b,4,East Asian religions,464,
1100/4a,b,5,Chinese folk religion,465,
1100/4b,b,5,Confucianism,466,
1100/4c,b,5,Shinto,467,
1100/4d,b,5,Daoism,468,
1100/4e,b,5,I-Kuan Tao,469,
1100/4f,b,5,Caodaism,470,
1100/4g,b,5,Chondogyo,471,
1100/4h,b,5,Tenrikyo,472,
1100/4i,b,5,Oomoto,473,
1100/5,b,4,Other religions,474,
1100/5a,b,5,African religions,475,
1100/5b,b,5,Ancient Egyptian religion,476,
1100/5c,b,5,Native American religions,477,
1100/5d,b,5,Gnosticism,478,
1100/5e,b,5,Occult,479,
1100/5f,b,5,Esotericism,480,
1100/5g,b,5,Mysticism,481,
1100/5h,b,5,Spirituality,482,
1100/5i,b,5,New religious movements,483,
1100/5j,b,5,Sumerian religion,484,
1100/5k,b,5,Zoroastrianism,485,
1100/6,b,4,Comparative religion,486,
1100/7,b,4,Mythology and Folklore,487,
1100/8,b,4,Theism,488,
1100/9,b,4,Irreligion,489,
1100/9a,b,5,Agnosticism,490,
1100/9b,b,5,Atheism and religious humanism,491,
1100/9c,b,5,Nontheism,492,
2000,h,0,Social science,494,
2010,h,1,Anthropology,496,
2010/1,b,4,Archaeology,498,
2010/1a,b,5,Biocultural anthropology,499,
2010/1b,b,5,Feminist archaeology,500,
2010/1c,b,5,Maritime archaeology,501,
2010/2,b,4,Anthropological criminology,502,
2010/3,b,4,Anthropological linguistics,503,
2010/3a,b,5,Synchronic linguistics (or Descriptive linguistics),504,
2010/3b,b,5,Diachronic linguistics (or Historical linguistics),505,
2010/3c,b,5,Ethnolinguistics,506,
2010/3d,b,5,Semiotic anthropology,507,
2010/3e,b,5,Sociolinguistics,508,
2010/4,b,4,Anthrozoology,509,
2010/5,b,4,Biological anthropology,510,
2010/5a,b,5,Gene-culture coevolution,511,
2010/5b,b,5,Evolutionary anthropology,512,
2010/5c,b,5,Forensic anthropology,513,
2010/5d,b,5,Human behavioral ecology,514,
2010/5e,b,5,Human evolution,515,
2010/5f,b,5,Medical anthropology,516,
2010/5g,b,5,Molecular anthropology,517,
2010/5h,b,5,Neuroanthropology,518,
2010/5i,b,5,Nutritional anthropology,519,
2010/5j,b,5,Paleoanthropology,520,
2010/5k,b,5,Population genetics,521,
2010/5l,b,5,Primatology,522,
2010/6,b,4,Biocultural anthropology,523,
2010/7,b,4,Cultural anthropology,524,
2010/7a,b,5,Anthropology of development,525,
2010/7b,b,5,Anthropology of religion,526,
2010/7c,b,5,Applied anthropology,527,
2010/7d,b,5,Cognitive anthropology,528,
2010/7e,b,5,Cyborg anthropology,529,
2010/7f,b,5,Digital anthropology,530,
2010/7g,b,5,Digital culture,531,
2010/7h,b,5,Ecological anthropology,532,
2010/7i,b,5,Economic anthropology,533,
2010/7j,b,5,Environmental anthropology,534,
2010/7k,b,5,Ethnobiology,535,
2010/7l,b,5,Ethnobotany,536,
2010/7m,b,5,Ethnography,537,
2010/7n,b,5,Ethnohistory,538,
2010/7o,b,5,Ethnology,539,
2010/7p,b,5,Ethnomuseology,540,
2010/7q,b,5,Ethnomusicology,541,
2010/7r,b,5,Feminist anthropology,542,
2010/7s,b,5,Folklore,543,
2010/7t,b,5,Kinship,544,
2010/7u,b,5,Legal anthropology,545,
2010/7v,b,5,Mythology,546,
2010/7w,b,5,Missiology,547,
2010/7x,b,5,Political anthropology,548,
2010/7y,b,5,Political economic anthropology,549,
2010/7z,b,5,Psychological anthropology,550,
2010/7aa,b,5,Public anthropology,551,
2010/7ab,b,5,Symbolic anthropology,552,
2010/7ac,b,5,Transpersonal anthropology,553,
2010/7ad,b,5,Urban anthropology,554,
2010/8,b,4,Linguistic anthropology,555,
2010/9,b,4,Social anthropology,556,
2010/9a,b,5,Anthropology of art,557,
2010/9b,b,5,Anthropology of institutions,558,
2010/9c,b,5,Anthropology of media,559,
2010/9d,b,5,Visual anthropology,560,
2010/10,b,4,Sociocultural anthropology,561,
2011,h,2,Archaeology,563,
2011/1,b,4,Aerial archaeology,565,
2011/2,b,4,Aviation archaeology,566,
2011/3,b,4,Anthracology,567,
2011/4,b,4,Archaeo-optics,568,
2011/5,b,4,Archaeoacoustics,569,
2011/6,b,4,Archaeoastronomy,570,
2011/7,b,4,Archaeogeography,571,
2011/8,b,4,Archaeological culture,572,
2011/9,b,4,Archaeological theory,573,
2011/9a,b,5,Great ages archaeology,574,
2011/9b,b,5,Functionalism,575,
2011/9c,b,5,Processualism,576,
2011/9d,b,5,Post-processualism,577,
2011/9e,b,5,Cognitive archaeology,578,
2011/9f,b,5,Gender archaeology,579,
2011/9g,b,5,Feminist archaeology,580,
2011/10,b,4,Archaeometry,581,
2011/10a,b,5,Archaeogenetics,582,
2011/10b,b,5,Bioarchaeology,583,
2011/10c,b,5,Computational archaeology,584,
2011/10d,b,5,Dendrochronology,585,
2011/10e,b,5,Geoarchaeology,586,
2011/10f,b,5,Isotope analysis,587,
2011/10g,b,5,Palynology,588,
2011/10h,b,5,Radiocarbon dating,589,
2011/10i,b,5,Zooarchaeology,590,
2011/11,b,4,Archaeology of religion and ritual,591,
2011/12,b,4,Archaeology of trade,592,
2011/13,b,4,Archaeomythology,593,
2011/14,b,4,Architectural analytics,594,
2011/15,b,4,Battlefield archaeology,595,
2011/16,b,4,Calceology,596,
2011/17,b,4,Conflict archaeology,597,
2011/18,b,4,Data archaeology,598,
2011/19,b,4,Digital archaeology,599,
2011/20,b,4,Experimental archaeology,600,
2011/21,b,4,Environmental archaeology,601,
2011/22,b,4,Ethnoarchaeology,602,
2011/23,b,4,Forensic archaeology,603,
2011/24,b,4,Glyptology,604,
2011/25,b,4,History of archaeology,605,
2011/26,b,4,Household archaeology,606,
2011/27,b,4,Landscape archaeology and Landscape history,607,
2011/28,b,4,Manuscriptology,608,
2011/29,b,4,Maritime archaeology,609,
2011/30,b,4,Media archaeology,610,
2011/31,b,4,Modern archaeology,611,
2011/31a,b,5,Settlement archaeology,612,
2011/32,b,4,Music archaeology,613,
2011/33,b,4,Osteology,614,
2011/34,b,4,Palaeoarchaeology,615,
2011/35,b,4,Paleoanthropology,616,
2011/36,b,4,Paleoethnobotany,617,
2011/37,b,4,Paleopathology,618,
2011/38,b,4,Paleoradiology,619,
2011/39,b,4,Taphonomy,620,
2011/40,b,4,Urban archaeology,621,
2011/41,b,4,Historical archaeology,622,
2011/41a,b,5,Prehistoric archaeology,623,
2011/41b,b,5,protohistoric archaeology,624,
2011/41c,b,5,Biblical archaeology,625,
2011/41d,b,5,Classical archaeology,626,
2011/41e,b,5,Egyptology,627,
2011/41f,b,5,Assyriology,628,
2011/41g,b,5,Etruscology,629,
2011/41h,b,5,Near Eastern archaeology,630,
2011/41i,b,5,Medieval archaeology,631,
2011/41j,b,5,Post-medieval archaeology,632,
2011/41k,b,5,Industrial archaeology,633,
2011/41l,b,5,Contemporary archaeology,634,
2020,h,1,Business,636,
2020/1,b,4,Accounting,638,
2020/1a,b,5,Accounting research,639,
2020/1b,b,5,Accounting scholarship,640,
2020/2,b,4,Business administration,641,
2020/3,b,4,Business analysis,642,
2020/4,b,4,Business ethics,643,
2020/5,b,4,Business law,644,
2020/6,b,4,Corporate governance,645,
2020/7,b,4,E-Business,646,
2020/8,b,4,Entrepreneurship,647,
2020/9,b,4,Decision science,648,
2020/10,b,4,Finance,649,
2020/11,b,4,Industrial and labor relations,650,
2020/11a,b,5,Collective bargaining,651,
2020/11b,b,5,Human resources,652,
2020/11c,b,5,Organizational studies,653,
2020/11d,b,5,Labor economics,654,
2020/11e,b,5,Labor history,655,
2020/12,b,4,Information technology,656,
2020/12a,b,5,Information systems (Business informatics),657,
2020/12b,b,5,Management information systems,658,
2020/12c,b,5,Health informatics,659,
2020/13,b,4,International trade,660,
2020/14,b,4,Management,661,
2020/15,b,4,Marketing,662,
2020/16,b,4,Operations management,663,
2020/17,b,4,Purchasing,664,
2020/18,b,4,Risk management and insurance,665,
2020/19,b,4,Strategy or Strategic Management,666,
2020/20,b,4,Systems science,667,
2030,h,1,Economics,669,
2030/1,b,4,Agricultural economics,671,
2030/2,b,4,Anarchist economics,672,
2030/3,b,4,Applied economics,673,
2030/4,b,4,Behavioural economics,674,
2030/5,b,4,Bioeconomics,675,
2030/6,b,4,Business,676,
2030/7,b,4,Complexity economics,677,
2030/8,b,4,Computational economics,678,
2030/9,b,4,Consumer economics,679,
2030/10,b,4,Development economics,680,
2030/11,b,4,Digital economy,681,
2030/12,b,4,Ecological economics,682,
2030/13,b,4,Econometrics,683,
2030/14,b,4,Economic geography,684,
2030/15,b,4,Economic history,685,
2030/16,b,4,Economic sector,686,
2030/17,b,4,Economic sociology,687,
2030/18,b,4,Economic systems,688,
2030/19,b,4,Economic value,689,
2030/20,b,4,Education economics,690,
2030/21,b,4,Energy economics,691,
2030/22,b,4,Entrepreneurial economics,692,
2030/23,b,4,Environmental economics,693,
2030/24,b,4,Evolutionary economics,694,
2030/25,b,4,Experimental economics,695,
2030/26,b,4,Feminist economics,696,
2030/27,b,4,Family economics,697,
2030/28,b,4,Financial economics,698,
2030/29,b,4,Financial econometrics,699,
2030/30,b,4,Green economics,700,
2030/31,b,4,Growth economics,701,
2030/32,b,4,Human development theory,702,
2030/33,b,4,Industrial organization,703,
2030/34,b,4,Information economics,704,
2030/35,b,4,Institutional economics,705,
2030/36,b,4,International economics,706,
2030/37,b,4,Islamic economics,707,
2030/38,b,4,JEL classification codes in searching for articles by fields in economics journals,708,
2030/39,b,4,Knowledge economy,709,
2030/40,b,4,Labor economics,710,
2030/41,b,4,Health economics,711,
2030/42,b,4,Law and economics,712,
2030/43,b,4,Macroeconomics,713,
2030/44,b,4,Managerial economics,714,
2030/45,b,4,Market economy,715,
2030/46,b,4,Marxian economics,716,
2030/47,b,4,Mathematical economics,717,
2030/48,b,4,Microeconomics,718,
2030/49,b,4,Monetary economics,719,
2030/50,b,4,Neuroeconomics,720,
2030/51,b,4,Participatory economics,721,
2030/52,b,4,Political economy,722,
2030/53,b,4,Public economics,723,
2030/54,b,4,Public choice,724,
2030/55,b,4,Public finance,725,
2030/56,b,4,Real estate economics,726,
2030/57,b,4,Resource economics,727,
2030/58,b,4,Social choice theory,728,
2030/59,b,4,Socialist economics,729,
2030/60,b,4,Socioeconomics,730,
2030/61,b,4,Transport economics,731,
2030/62,b,4,Welfare economics,732,
2040,h,1,Futurology,734,(also known as future studies or prospective studies)
2040/1,b,4,Cashless society,738,
2040/2,b,4,Climate,739,
2050,h,1,Geography,741,
2050/1,b,4,Physical geography (is also listed in Earth Science),743,
2050/1a,b,5,Atmology,744,
2050/1b,b,5,Biogeography,745,
2050/1c,b,5,Climatology,746,
2050/1c1,b,6,Palaeoclimatology,747,
2050/1d,b,5,Coastal geography,748,
2050/1e,b,5,Emergency management,749,
2050/1f,b,5,Environmental geography,750,
2050/1g,b,5,Geobiology,751,
2050/1h,b,5,Geochemistry,752,
2050/1i,b,5,Geographic information systems,753,
2050/1j,b,5,Geology,754,
2050/1k,b,5,Geomatics,755,
2050/1l,b,5,Geomorphology,756,
2050/1m,b,5,Geodesy,757,
2050/1n,b,5,Geophysics,758,
2050/1o,b,5,Glaciology,759,
2050/1p,b,5,Hydrology/Hydrography,760,
2050/1p1,b,6,Glaciology,761,
2050/1p2,b,6,Limnology,762,
2050/1p3,b,6,Biogeochemistry,763,
2050/1p4,b,6,Oceanography,764,
2050/1q,b,5,Landscape ecology,765,
2050/1r,b,5,Lithology,766,
2050/1s,b,5,Meteorology,767,
2050/1t,b,5,Mineralogy,768,
2050/1u,b,5,Oceanography,769,
2050/1v,b,5,Palaeogeography,770,
2050/1w,b,5,Palaeontology,771,
2050/1x,b,5,Petrology,772,
2050/1y,b,5,Quaternary science,773,
2050/1z,b,5,Soil geography,774,
2050/2,b,4,Human geography,775,
2050/2a,b,5,Behavioural geography,776,
2050/2b,b,5,Cognitive geography,777,
2050/2c,b,5,Cultural geography,778,
2050/2c1,b,6,Feminist geography,779,
2050/2d,b,5,Development geography,780,
2050/2e,b,5,Economic geography,781,
2050/2f,b,5,Health geography,782,
2050/2g,b,5,Historical geography,783,
2050/2h,b,5,Language geography,784,
2050/2i,b,5,Mathematical geography,785,
2050/2j,b,5,Marketing geography,786,
2050/2k,b,5,Military geography,787,
2050/2l,b,5,Political geography and Geopolitics,788,
2050/2m,b,5,Population geography,789,
2050/2n,b,5,Religion geography,790,
2050/2o,b,5,Social geography,791,
2050/2p,b,5,Children's geographies,792,
2050/2q,b,5,Strategic geography,793,
2050/2r,b,5,Time geography,794,
2050/2s,b,5,Tourism geography,795,
2050/2t,b,5,Transport geography,796,
2050/2u,b,5,Urban geography,797,
2050/3,b,4,Integrated geography,798,
2050/4,b,4,Cartography,799,
2050/4a,b,5,Celestial cartography,800,
2050/4b,b,5,Planetary cartography,801,
2050/4c,b,5,Topography,802,
2050/5,b,4,Navigation,803,
2050/6,b,4,Regional geography,804,
2050/7,b,4,Remote sensing,805,
2060,h,1,Linguistics,807,Also regarded as a formal science
2060/1,b,4,Applied linguistics,811,
2060/2,b,4,Composition studies,812,
2060/3,b,4,Computational linguistics,813,
2060/4,b,4,Discourse analysis,814,
2060/5,b,4,English studies,815,
2060/6,b,4,Etymology,816,
2060/7,b,4,Grammar,817,
2060/8,b,4,Grammatology,818,
2060/9,b,4,Historical linguistics,819,
2060/10,b,4,History of linguistics,820,
2060/11,b,4,Interlinguistics,821,
2060/12,b,4,Lexicology,822,
2060/13,b,4,Linguistic typology,823,
2060/14,b,4,Morphology,824,
2060/15,b,4,Natural language processing,825,
2060/16,b,4,Philosophy of language,826,
2060/17,b,4,Philosophy of linguistics,827,
2060/18,b,4,Linguistic philosophy,828,
2060/19,b,4,Philology,829,
2060/20,b,4,Phonetics,830,
2060/21,b,4,Phonology,831,
2060/22,b,4,Pragmatics,832,
2060/23,b,4,Psycholinguistics,833,
2060/24,b,4,Rhetoric,834,
2060/25,b,4,Semantics,835,
2060/26,b,4,Semiotics,836,
2060/27,b,4,Sociolinguistics,837,
2060/28,b,4,Syntax,838,
2060/29,b,4,Terminology science,839,
2060/30,b,4,Usage,840,
2060/31,b,4,Word usage,841,
2070,h,1,Political science,843,
2070/1,b,4,American politics,845,
2070/2,b,4,Canadian politics,846,
2070/3,b,4,Civics,847,
2070/4,b,4,Health politics,848,
2070/5,b,4,Biopolitics,849,
2070/6,b,4,Comparative politics,850,
2070/7,b,4,European studies,851,
2070/8,b,4,Geopolitics (Political geography),852,
2070/9,b,4,Indian politics,853,
2070/10,b,4,International relations,854,
2070/11,b,4,International organizations,855,
2070/12,b,4,Nationalism studies,856,
2070/13,b,4,Peace and conflict studies,857,
2070/14,b,4,Policy studies,858,
2070/15,b,4,Political behavior,859,
2070/16,b,4,Political culture,860,
2070/17,b,4,Political economy,861,
2070/18,b,4,Political history,862,
2070/19,b,4,Political philosophy,863,
2070/20,b,4,Public administration,864,
2070/20a,b,5,Nonprofit administration,865,
2070/20b,b,5,Non-governmental organization (NGO) administration,866,
2070/21,b,4,Public law,867,
2070/22,b,4,Public policy,868,
2070/23,b,4,Psephology,869,
2070/24,b,4,Social choice theory,870,
2070/25,b,4,Singapore politics,871,
2080,h,1,Psychology,873,
2080/1,b,4,Abnormal psychology,875,
2080/2,b,4,Applied psychology,876,
2080/3,b,4,Biological psychology,877,
2080/4,b,4,Clinical neuropsychology,878,
2080/5,b,4,Clinical psychology,879,
2080/6,b,4,Cognitive psychology,880,
2080/7,b,4,Community psychology,881,
2080/8,b,4,Comparative psychology,882,
2080/9,b,4,Conservation psychology,883,
2080/10,b,4,Consumer psychology,884,
2080/11,b,4,Counseling psychology,885,
2080/12,b,4,Criminal psychology,886,
2080/13,b,4,Cultural psychology,887,
2080/13a,b,5,Asian psychology,888,
2080/13b,b,5,Black psychology,889,
2080/14,b,4,Developmental psychology,890,
2080/15,b,4,Differential psychology,891,
2080/16,b,4,Ecological psychology,892,
2080/17,b,4,Educational psychology,893,
2080/18,b,4,Environmental psychology,894,
2080/19,b,4,Evolutionary psychology,895,
2080/20,b,4,Experimental psychology,896,
2080/21,b,4,Group psychology,897,
2080/22,b,4,Family psychology,898,
2080/23,b,4,Feminine psychology,899,
2080/24,b,4,Forensic developmental psychology,900,
2080/25,b,4,Forensic psychology,901,
2080/26,b,4,Health psychology,902,
2080/27,b,4,Humanistic psychology,903,
2080/28,b,4,Indigenous psychology,904,
2080/29,b,4,Legal psychology,905,
2080/30,b,4,Mathematical psychology,906,
2080/31,b,4,Media psychology,907,
2080/32,b,4,Medical psychology,908,
2080/33,b,4,Military psychology,909,
2080/34,b,4,Moral psychology and Descriptive ethics,910,
2080/35,b,4,Music psychology,911,
2080/36,b,4,Neuropsychology,912,
2080/37,b,4,Occupational health psychology,913,
2080/38,b,4,Occupational psychology,914,
2080/39,b,4,"Organizational psychology (a.k.a., Industrial Psychology)",915,
2080/40,b,4,Parapsychology,916,
2080/41,b,4,Pediatric psychology,917,
2080/42,b,4,Pedology (children study),918,
2080/43,b,4,Personality psychology,919,
2080/44,b,4,Phenomenology,920,
2080/45,b,4,Political psychology,921,
2080/46,b,4,Positive psychology,922,
2080/47,b,4,Problem solving,923,
2080/48,b,4,Psychoanalysis,924,
2080/49,b,4,Psychobiology,925,
2080/50,b,4,Psychology of religion,926,
2080/51,b,4,Psychometrics,927,
2080/52,b,4,Psychopathology,928,
2080/52a,b,5,Child psychopathology,929,
2080/53,b,4,Psychophysics,930,
2080/54,b,4,Quantitative psychology,931,
2080/55,b,4,Rehabilitation psychology,932,
2080/56,b,4,School psychology,933,
2080/57,b,4,Social psychology,934,
2080/58,b,4,Sport psychology,935,
2080/59,b,4,Traffic psychology,936,
2080/60,b,4,Transpersonal psychology,937,
2080/61,b,4,Travel psychology,938,
2090,h,1,Sociology,940,
2090/1,b,4,Analytical sociology,942,
2090/2,b,4,Applied sociology,943,
2090/2a,b,5,Leisure studies,944,
2090/2b,b,5,Political sociology,945,
2090/2c,b,5,Public sociology,946,
2090/2d,b,5,Social engineering,947,
2090/3,b,4,Architectural sociology,948,
2090/4,b,4,Area studies,949,
2090/4a,b,5,African studies,950,
2090/4b,b,5,American studies,951,
2090/4b1,b,6,Appalachian studies,952,
2090/4b2,b,6,Canadian studies,953,
2090/4b3,b,6,Latin American studies,954,
2090/4c,b,5,Asian studies,955,
2090/4c1,b,6,Central Asian studies,956,
2090/4c2,b,6,East Asian studies,957,
2090/4c3,b,6,Filipinology,958,
2090/4c4,b,6,Iranian studies,959,
2090/4c5,b,6,Japanese studies,960,
2090/4c6,b,6,Korean studies,961,
2090/4c7,b,6,Sinology,962,
2090/4c8,b,6,Indology (South Asian studies),963,
2090/4c8a,b,7,Bengal studies,964,
2090/4c8b,b,7,Dravidian studies (Dravidology),965,
2090/4c8c,b,7,Tamilology,966,
2090/4c8d,b,7,Pakistan studies,967,
2090/4c8e,b,7,Sindhology,968,
2090/4c9,b,6,Southeast Asian studies,969,
2090/4c10,b,6,Thai studies,970,
2090/4d,b,5,Australian studies,971,
2090/4e,b,5,European studies,972,
2090/4e1,b,6,Celtic studies,973,
2090/4e2,b,6,German studies,974,
2090/4e3,b,6,Sociology in Poland,975,
2090/4e4,b,6,Scandinavian studies,976,
2090/4e5,b,6,Slavic studies,977,
2090/4f,b,5,Middle Eastern studies,978,
2090/4f1,b,6,Arab studies,979,
2090/4f2,b,6,Assyriology,980,
2090/4f3,b,6,Egyptology,981,
2090/4f4,b,6,Jewish studies,982,
2090/5,b,4,Behavioral sociology,983,
2090/6,b,4,Chinese sociology,984,
2090/7,b,4,Collective behavior,985,
2090/7a,b,5,Social movements,986,
2090/7b,b,5,Activism,987,
2090/8,b,4,Social phenomenon,988,
2090/9,b,4,Community informatics,989,
2090/9a,b,5,Social network analysis,990,
2090/10,b,4,Comparative sociology,991,
2090/11,b,4,Conflict theory,992,
2090/12,b,4,Criminology/Criminal justice,993,
2090/13,b,4,Critical management studies,994,
2090/14,b,4,Critical sociology,995,
2090/15,b,4,Cultural sociology,996,
2090/16,b,4,Cultural studies/ethnic studies,997,
2090/16a,b,5,Africana studies,998,
2090/16b,b,5,Cross-cultural studies,999,
2090/16c,b,5,Culturology,1000,
2090/16d,b,5,Deaf studies,1001,
2090/16e,b,5,Ethnology,1002,
2090/16f,b,5,Utopian studies,1003,
2090/16g,b,5,Whiteness studies,1004,
2090/17,b,4,Demography/Population,1005,
2090/18,b,4,Digital sociology,1006,
2090/19,b,4,Dramaturgical sociology,1007,
2090/20,b,4,Economic sociology,1008,
2090/21,b,4,Educational sociology,1009,
2090/22,b,4,Empirical sociology,1010,
2090/23,b,4,Environmental sociology,1011,
2090/24,b,4,Evolutionary sociology,1012,
2090/25,b,4,Feminist sociology,1013,
2090/26,b,4,Figurational sociology,1014,
2090/27,b,4,Futures studies,1015,
2090/28,b,4,Gender studies,1016,
2090/28a,b,5,Men's studies,1017,
2090/28b,b,5,Women's studies,1018,
2090/28c,b,5,Queer studies,1019,
2090/29,b,4,Historical sociology,1020,
2090/30,b,4,Human ecology,1021,
2090/31,b,4,Humanistic sociology,1022,
2090/32,b,4,Industrial sociology,1023,
2090/33,b,4,Interactionism,1024,
2090/34,b,4,Interpretive sociology,1025,
2090/34a,b,5,Ethnomethodology,1026,
2090/34b,b,5,Phenomenology,1027,
2090/34c,b,5,Social constructionism,1028,
2090/34d,b,5,Symbolic interactionism,1029,
2090/35,b,4,Jealousy sociology,1030,
2090/36,b,4,Macrosociology,1031,
2090/37,b,4,Marxist sociology,1032,
2090/38,b,4,Mathematical sociology,1033,
2090/39,b,4,Medical sociology,1034,
2090/40,b,4,Mesosociology,1035,
2090/41,b,4,Microsociology,1036,
2090/42,b,4,Military sociology,1037,
2090/43,b,4,Natural resource sociology,1038,
2090/44,b,4,Organizational theory,1039,
2090/44a,b,5,Organizational studies,1040,
2090/45,b,4,Phenomenological sociology,1041,
2090/46,b,4,Policy sociology,1042,
2090/47,b,4,Postcolonialism,1043,
2090/48,b,4,Psychoanalytic sociology,1044,
2090/49,b,4,Science studies/Science and technology studies,1045,
2090/50,b,4,Sexology,1046,
2090/50a,b,5,Heterosexism,1047,
2090/50b,b,5,Human sexual behavior,1048,
2090/50c,b,5,Human sexuality,1049,
2090/50d,b,5,Queer studies/Queer theory,1050,
2090/50e,b,5,Sex education,1051,
2090/51,b,4,Social capital,1052,
2090/52,b,4,Social change,1053,
2090/53,b,4,Social conflict theory,1054,
2090/54,b,4,Social control,1055,
2090/54a,b,5,Pure sociology,1056,
2090/55,b,4,Social economy,1057,
2090/56,b,4,Social philosophy,1058,
2090/57,b,4,Social policy,1059,
2090/58,b,4,Social psychology,1060,
2090/59,b,4,Social stratification,1061,
2090/60,b,4,Social theory,1062,
2090/61,b,4,Social research,1063,
2090/62,b,4,Social transformation,1064,
2090/62a,b,5,Computational sociology,1065,
2090/62b,b,5,Economic sociology/Socioeconomics,1066,
2090/62b1,b,6,Economic development,1067,
2090/62b2,b,6,Social development,1068,
2090/62b3,b,6,Social development,1069,
2090/63,b,4,Sociobiology,1070,
2090/64,b,4,Sociocybernetics,1071,
2090/65,b,4,Sociolinguistics,1072,
2090/66,b,4,Sociology of aging,1073,
2090/67,b,4,Sociology of agriculture,1074,
2090/68,b,4,Sociology of art,1075,
2090/69,b,4,Sociology of autism,1076,
2090/70,b,4,Sociology of childhood,1077,
2090/71,b,4,Sociology of conflict,1078,
2090/72,b,4,Sociology of culture,1079,
2090/73,b,4,Sociology of cyberspace,1080,
2090/74,b,4,Sociology of development,1081,
2090/75,b,4,Sociology of deviance,1082,
2090/76,b,4,Sociology of disaster,1083,
2090/77,b,4,Sociology of education,1084,
2090/78,b,4,Sociology of emotions,1085,
2090/79,b,4,Sociology of fatherhood,1086,
2090/80,b,4,Sociology of film,1087,
2090/81,b,4,Sociology of finance,1088,
2090/82,b,4,Sociology of food,1089,
2090/83,b,4,Sociology of gender,1090,
2090/84,b,4,Sociology of generations,1091,
2090/85,b,4,Sociology of globalization,1092,
2090/86,b,4,Sociology of government,1093,
2090/87,b,4,Sociology of health and illness,1094,
2090/88,b,4,Sociology of human consciousness,1095,
2090/89,b,4,Sociology of immigration,1096,
2090/90,b,4,Sociology of knowledge,1097,
2090/91,b,4,Sociology of language,1098,
2090/92,b,4,Sociology of law,1099,
2090/93,b,4,Sociology of leisure,1100,
2090/94,b,4,Sociology of literature,1101,
2090/95,b,4,Sociology of markets,1102,
2090/96,b,4,Sociology of marriage,1103,
2090/97,b,4,Sociology of motherhood,1104,
2090/98,b,4,Sociology of music,1105,
2090/99,b,4,Sociology of natural resources,1106,
2090/100,b,4,Sociology of organizations,1107,
2090/101,b,4,"Sociology of peace, war, and social conflict",1108,
2090/102,b,4,Sociology of punishment,1109,
2090/103,b,4,Sociology of race and ethnic relations,1110,
2090/104,b,4,Sociology of religion,1111,
2090/105,b,4,Sociology of risk,1112,
2090/106,b,4,Sociology of science,1113,
2090/107,b,4,Sociology of scientific knowledge,1114,
2090/108,b,4,Sociology of social change,1115,
2090/109,b,4,Sociology of social movements,1116,
2090/110,b,4,Sociology of space,1117,
2090/111,b,4,Sociology of sport,1118,
2090/112,b,4,Sociology of technology,1119,
2090/113,b,4,Sociology of terrorism,1120,
2090/114,b,4,Sociology of the body,1121,
2090/115,b,4,Sociology of the family,1122,
2090/116,b,4,Sociology of the history of science,1123,
2090/117,b,4,Sociology of the Internet,1124,
2090/118,b,4,Sociology of work,1125,
2090/119,b,4,Sociomusicology,1126,
2090/120,b,4,Structural sociology,1127,
2090/121,b,4,Theoretical sociology,1128,
2090/122,b,4,Urban studies or Urban sociology/Rural sociology,1129,
2090/123,b,4,Victimology,1130,
2090/124,b,4,Visual sociology,1131,
2090/125,b,4,Social theory,1132,
2090/126,b,4,Social stratification,1133,
2090/127,b,4,Sociological theory,1134,
2090/128,b,4,Sociobiology,1135,
2090/129,b,4,Sociocybernetics,1136,
2090/130,b,4,Sociolinguistics,1137,
2100,h,1,Interdisciplinary studies,1139,
2101,h,2,Area studies,1141,
2101/1,b,4,African studies,1143,
2101/2,b,4,American studies,1144,
2101/2a,b,5,Appalachian studies,1145,
2101/2b,b,5,Canadian studies,1146,
2101/2c,b,5,Latin American studies,1147,
2101/3,b,4,Asian studies,1148,
2101/3a,b,5,Central Asian studies,1149,
2101/3b,b,5,East Asian studies,1150,
2101/3c,b,5,Iranian studies,1151,
2101/3d,b,5,Japanology (Japanese studies),1152,
2101/3e,b,5,Korean studies,1153,
2101/3f,b,5,Sinology (Chinese studies),1154,
2101/3g,b,5,Indology (South Asian studies),1155,
2101/3g1,b,6,Bengal studies,1156,
2101/3g2,b,6,Dravidian studies (Dravidology),1157,
2101/3g2a,b,7,Tamilology,1158,
2101/3g3,b,6,Pakistan studies,1159,
2101/3g4,b,6,Sindhology,1160,
2101/3h,b,5,Southeast Asian studies,1161,
2101/4,b,4,European studies,1162,
2101/4a,b,5,Celtic studies,1163,
2101/4b,b,5,German studies,1164,
2101/4c,b,5,Indo-European studies,1165,
2101/4d,b,5,Scandinavian studies,1166,
2101/4e,b,5,Slavic studies,1167,
2101/5,b,4,Australian studies,1168,
2101/6,b,4,Pacific studies,1169,
2101/7,b,4,Middle East studies,1170,
2101/7a,b,5,Turkology (Turkish studies),1171,
2101/8,b,4,Russian and Eastern European studies,1172,
2102,h,2,Ethnic and cultural studies,1174,
2102/1,b,4,Cultural studies,1176,
2102/2,b,4,Ethnic studies,1177,
2102/3,b,4,Ethnology,1178,
2102/4,b,4,Culturology,1179,
2102/5,b,4,Cross-cultural studies,1180,
2103,h,2,Organizational studies,1182,
2103/1,b,4,Business administration,1184,
2103/2,b,4,Business economics,1185,
2103/3,b,4,Business studies,1186,
2103/4,b,4,Human resources management,1187,
2103/5,b,4,Industrial organization,1188,
2103/6,b,4,Management,1189,
2103/7,b,4,Organizational behavior,1190,
2103/8,b,4,Organization theory,1191,
2103/9,b,4,Project management,1192,
2103/10,b,4,Quality control,1193,
3000,h,0,Natural science,1195,
3010,h,1,Physical Science,1197,
3011,h,2,Space sciences,1199,
3011/1,b,4,Aerospace engineering,1201,
3011/1a,b,5,Aerospace architecture,1202,
3011/1b,b,5,Aerospace physiology,1203,
3011/1c,b,5,Aerospace manufacturing,1204,
3011/1d,b,5,Astronautics,1205,
3011/1d1,b,6,Space architecture,1206,
3011/1d2,b,6,Space colonization,1207,
3011/1d3,b,6,Space commercialization,1208,
3011/1d3a,b,7,Space-based economy,1209,
3011/1d3b,b,7,Space industry,1210,
3011/1d3c,b,7,Space manufacturing,1211,
3011/1d3d,b,7,Space tourism,1212,
3011/1d4,b,6,Space environment,1213,
3011/1d5,b,6,Space logistics,1214,
3011/1d6,b,6,Space food,1215,
3011/1d7,b,6,Space medicine,1216,
3011/1d7a,b,7,Neuroscience in space,1217,
3011/1d8,b,6,Space religion,1218,
3011/1d9,b,6,Space sex,1219,
3011/1d10,b,6,Space survival,1220,
3011/1d11,b,6,Space warfare,1221,
3011/1d12,b,6,Space writing,1222,
3011/1e,b,5,Aeronautics,1223,
3011/1f,b,5,Control engineering,1224,
3011/1g,b,5,Human spaceflight,1225,
3011/1h,b,5,Robotic spacecraft,1226,
3011/1i,b,5,Space corrosion,1227,
3011/2,b,4,Space technology,1228,
3011/2a,b,5,Space telescopes,1229,
3011/2b,b,5,Space-based radar,1230,
3011/2c,b,5,Space-based solar power,1231,
3011/2d,b,5,Spacecraft design,1232,
3011/2e,b,5,Spacecraft propulsion,1233,
3011/3,b,4,Asteroid-impact avoidance,1234,
3011/4,b,4,Astrobiology,1235,
3011/5,b,4,Astrobotany,1236,
3011/6,b,4,Astrochemistry,1237,
3011/6a,b,5,Theoretical astronomy,1238,
3011/7,b,4,Cosmochemistry,1239,
3011/8,b,4,Cosmology,1240,
3011/8a,b,5,Physical cosmology,1241,
3011/9,b,4,Micro-g environment research,1242,
3011/10,b,4,Remote sensing,1243,
3011/11,b,4,Space archaeology,1244,
3011/12,b,4,Space exploration,1245,
3011/13,b,4,Space law,1246,
3011/14,b,4,Space nuclear power,1247,
3012,h,3,Astronomy,1249,
3012/1,b,4,Astronomy,1251,
3012/1a,b,5,Archaeoastronomy,1252,
3012/1b,b,5,Astrometry,1253,
3012/1c,b,5,Amateur astronomy,1254,
3012/1d,b,5,Forensic astronomy,1255,
3012/1e,b,5,Extragalactic astronomy,1256,
3012/1f,b,5,Galactic astronomy,1257,
3012/1g,b,5,High-energy astronomy,1258,
3012/1h,b,5,Observational astronomy,1259,
3012/1h1,b,6,Radio astronomy,1260,
3012/1h2,b,6,Microwave astronomy,1261,
3012/1h3,b,6,Submillimetre astronomy,1262,
3012/1h4,b,6,Infrared astronomy,1263,
3012/1h5,b,6,Optical astronomy,1264,
3012/1h6,b,6,UV astronomy,1265,
3012/1h7,b,6,X-ray astronomy,1266,
3012/1h8,b,6,Gamma-ray astronomy,1267,
3012/1h9,b,6,Cosmic-ray astronomy,1268,
3012/1h10,b,6,Neutrino astronomy,1269,
3012/1h11,b,6,Gravitational wave astronomy,1270,
3012/1i,b,5,Photometry,1271,
3012/1j,b,5,Spectroscopy,1272,
3012/1k,b,5,Stellar astronomy,1273,
3012/1k1,b,6,Solar astronomy,1274,
3012/2,b,4,Astrophysics,1275,
3012/2a,b,5,Celestial mechanics,1276,
3012/2b,b,5,Compact objects,1277,
3012/2c,b,5,Computational astrophysics,1278,
3012/2d,b,5,Gravitational astronomy,1279,
3012/2d1,b,6,Black holes,1280,
3012/2e,b,5,Interstellar medium,1281,
3012/2f,b,5,Numerical simulations,1282,
3012/2f1,b,6,Astrophysical plasma,1283,
3012/2f2,b,6,Galaxy formation and evolution,1284,
3012/2f3,b,6,High-energy astrophysics,1285,
3012/2f4,b,6,Hydrodynamics,1286,
3012/2f5,b,6,Magnetohydrodynamics,1287,
3012/2f6,b,6,Star formation,1288,
3012/2g,b,5,Orbital mechanics,1289,
3012/2h,b,5,Physical cosmology,1290,
3012/2i,b,5,Relativistic astrophysics,1291,
3012/2j,b,5,Stellar astrophysics,1292,
3012/2j1,b,6,Helioseismology,1293,
3012/2j2,b,6,Solar physics,1294,
3012/2j3,b,6,Stellar evolution,1295,
3012/2j4,b,6,Stellar nucleosynthesis,1296,
3012/2k,b,5,Space plasma physics,1297,
3012/3,b,4,"Planetary science (alternatively, a part of earth science)",1298,
3012/3a,b,5,Atmospheric science,1299,
3012/3b,b,5,Exoplanetology,1300,
3012/3c,b,5,Planetary formation,1301,
3012/3d,b,5,Planetary rings,1302,
3012/3e,b,5,Magnetospheres,1303,
3012/3f,b,5,Planetary geology,1304,
3012/3g,b,5,Planetary surfaces,1305,
3012/3h,b,5,Small Solar System bodies,1306,
3013,h,2,Physics,1308,
3013/1,b,4,Acoustics,1310,
3013/1a,b,5,Quantum acoustics,1311,
3013/2,b,4,Agrophysics,1312,
3013/3,b,4,Aerodynamics,1313,
3013/4,b,4,Applied physics,1314,
3013/4a,b,5,Accelerator physics,1315,
3013/4b,b,5,Communication physics,1316,
3013/5,b,4,Astrophysics,1317,
3013/6,b,4,Atmospheric physics,1318,
3013/7,b,4,"Atomic, molecular, and optical physics",1319,
3013/8,b,4,Atomic physics,1320,
3013/9,b,4,Biophysics,1321,
3013/9a,b,5,Neurophysics,1322,
3013/10,b,4,Chemical physics,1323,
3013/11,b,4,Classical physics,1324,
3013/12,b,4,Computational physics,1325,
3013/13,b,4,Condensed matter physics,1326,
3013/14,b,4,Cryogenics,1327,
3013/15,b,4,Digital physics,1328,
3013/16,b,4,Dynamics,1329,
3013/16a,b,5,Analytical dynamics,1330,
3013/16b,b,5,Astrodynamics,1331,
3013/16c,b,5,Brownian dynamics,1332,
3013/16d,b,5,File dynamics,1333,
3013/16e,b,5,Flight dynamics,1334,
3013/16f,b,5,Fluid dynamics,1335,
3013/16f1,b,6,Aerodynamics,1336,
3013/16f2,b,6,Hydrodynamics,1337,
3013/16g,b,5,Fractional dynamics,1338,
3013/16h,b,5,Geodynamics,1339,
3013/16i,b,5,Molecular dynamics,1340,
3013/16j,b,5,Newtonian dynamics,1341,
3013/16k,b,5,Langevin dynamics,1342,
3013/16l,b,5,Quantum chromodynamics,1343,
3013/16m,b,5,Quantum electrodynamics,1344,
3013/16n,b,5,Relativistic dynamics,1345,
3013/16o,b,5,Stellar dynamics,1346,
3013/16p,b,5,System dynamics,1347,
3013/16q,b,5,Thermodynamics,1348,
3013/16r,b,5,Vehicle dynamics,1349,
3013/17,b,4,Econophysics,1350,
3013/18,b,4,Electricity,1351,
3013/19,b,4,Electromagnetism,1352,
3013/20,b,4,Electrostatic,1353,
3013/21,b,4,Magnetism,1354,
3013/22,b,4,Engineering physics,1355,
3013/23,b,4,Elementary particle physics,1356,
3013/24,b,4,Experimental physics,1357,
3013/25,b,4,Fluid dynamics,1358,
3013/26,b,4,Geophysics,1359,
3013/26a,b,5,Biogeophysics,1360,
3013/26b,b,5,Geomagnetism,1361,
3013/27,b,4,Kinematics,1362,
3013/27a,b,5,Fluid kinematics,1363,
3013/27b,b,5,Relativistic kinematics,1364,
3013/28,b,4,Kinetics,1365,
3013/28a,b,5,Electrokinetics,1366,
3013/28b,b,5,Homeokinetics,1367,
3013/29,b,4,Laser physics,1368,
3013/30,b,4,Materials physics,1369,
3013/31,b,4,Mathematical physics,1370,
3013/32,b,4,Mechanics,1371,
3013/32a,b,5,Analytical mechanics,1372,
3013/32b,b,5,Applied mechanics,1373,
3013/32c,b,5,Ballistics,1374,
3013/32d,b,5,Biomechanics,1375,
3013/32e,b,5,Celestial mechanics,1376,
3013/32f,b,5,Classical mechanics,1377,
3013/32g,b,5,Continuum mechanics,1378,
3013/32h,b,5,Fluid mechanics,1379,
3013/32i,b,5,Fracture mechanics,1380,
3013/32j,b,5,Hamiltonian mechanics,1381,
3013/32k,b,5,Hydraulics,1382,
3013/32l,b,5,Lagrangian mechanics,1383,
3013/32m,b,5,Matrix mechanics,1384,
3013/32n,b,5,Molecular mechanics,1385,
3013/32o,b,5,Optomechanics,1386,
3013/32p,b,5,Particle mechanics,1387,
3013/32q,b,5,Quantum mechanics,1388,
3013/32r,b,5,Relativistic mechanics,1389,
3013/32s,b,5,Relativistic quantum mechanics,1390,
3013/32t,b,5,Soil mechanics,1391,
3013/32u,b,5,Solid mechanics,1392,
3013/32v,b,5,Statistical mechanics,1393,
3013/32v1,b,6,Quantum statistical mechanics,1394,
3013/33,b,4,Mineral physics,1395,
3013/34,b,4,Medical physics,1396,
3013/35,b,4,Molecular physics,1397,
3013/36,b,4,Newtonian dynamics,1398,
3013/37,b,4,Nuclear physics,1399,
3013/38,b,4,Optics,1400,
3013/38a,b,5,Geometrical optics,1401,
3013/38b,b,5,Physical optics,1402,
3013/38c,b,5,Quantum optics,1403,
3013/39,b,4,Particle physics,1404,
3013/40,b,4,Petrophysics,1405,
3013/41,b,4,Photonics,1406,
3013/42,b,4,Physical chemistry,1407,
3013/43,b,4,Polymer physics,1408,
3013/44,b,4,Plasma physics,1409,
3013/45,b,4,Quantum physics,1410,
3013/45a,b,5,Quantum technology,1411,
3013/46,b,4,Radiophysics,1412,
3013/47,b,4,Relativity,1413,
3013/47a,b,5,General relativity,1414,
3013/47b,b,5,Special relativity,1415,
3013/48,b,4,Solid mechanics,1416,
3013/49,b,4,Solid state physics,1417,
3013/50,b,4,Statistical mechanics,1418,
3013/51,b,4,Theoretical physics,1419,
3013/52,b,4,Thermal physics,1420,
3013/53,b,4,Thermodynamics,1421,
3013/54,b,4,Social physics,1422,
3013/55,b,4,Soil physics,1423,
3013/56,b,4,Solid state physics,1424,
3013/57,b,4,Spintronics,1425,
3013/58,b,4,Statics,1426,
3013/58a,b,5,Fluid statics,1427,
3013/59,b,4,Statistical physics,1428,
3013/60,b,4,Surface physics,1429,
3014,h,2,Chemistry,1431,
3014/1,b,4,Agrochemistry,1433,
3014/2,b,4,Analytical chemistry,1434,
3014/3,b,4,Astrochemistry,1435,
3014/4,b,4,Atmospheric chemistry,1436,
3014/5,b,4,Biochemistry,1437,
3014/6,b,4,Catalysts,1438,
3014/7,b,4,Chemical biology,1439,
3014/8,b,4,Chemical engineering,1440,
3014/9,b,4,Chemical physics,1441,
3014/10,b,4,Cheminformatics,1442,
3014/11,b,4,Computational chemistry,1443,
3014/12,b,4,Cosmochemistry,1444,
3014/13,b,4,Electrochemistry,1445,
3014/14,b,4,Environmental chemistry,1446,
3014/15,b,4,Femtochemistry,1447,
3014/16,b,4,Flavor,1448,
3014/17,b,4,Flow chemistry,1449,
3014/18,b,4,Forensic chemistry,1450,
3014/19,b,4,Geochemistry,1451,
3014/20,b,4,Green chemistry,1452,
3014/21,b,4,Histochemistry,1453,
3014/22,b,4,Hydrogenation,1454,
3014/23,b,4,Immunochemistry,1455,
3014/24,b,4,Inorganic chemistry,1456,
3014/25,b,4,Marine chemistry,1457,
3014/26,b,4,Mathematical chemistry,1458,
3014/27,b,4,Mechanochemistry,1459,
3014/28,b,4,Medicinal chemistry,1460,
3014/29,b,4,Molecular biology,1461,
3014/30,b,4,Molecular mechanics,1462,
3014/31,b,4,Nanotechnology,1463,
3014/32,b,4,Natural product chemistry,1464,
3014/33,b,4,Neurochemistry,1465,
3014/34,b,4,Nuclear chemistry,1466,
3014/35,b,4,Oenology,1467,
3014/36,b,4,Organic chemistry,1468,
3014/37,b,4,Organometallic chemistry,1469,
3014/38,b,4,Petrochemistry,1470,
3014/39,b,4,Pharmacology,1471,
3014/40,b,4,Photochemistry,1472,
3014/41,b,4,Physical chemistry,1473,
3014/42,b,4,Physical organic chemistry,1474,
3014/43,b,4,Phytochemistry,1475,
3014/44,b,4,Polymer chemistry,1476,
3014/45,b,4,Quantum chemistry,1477,
3014/46,b,4,Radiochemistry,1478,
3014/47,b,4,Soil chemistry,1479,
3014/48,b,4,Solid-state chemistry,1480,
3014/49,b,4,Sonochemistry,1481,
3014/50,b,4,Supramolecular chemistry,1482,
3014/51,b,4,Surface chemistry,1483,
3014/52,b,4,Synthetic chemistry,1484,
3014/53,b,4,Systems chemistry,1485,
3014/54,b,4,Theoretical chemistry,1486,
3014/55,b,4,Thermochemistry,1487,
3015,h,2,Earth science,1489,
3015/1,b,4,Chronology,1491,
3015/2,b,4,Edaphology,1492,
3015/3,b,4,Environmental chemistry,1493,
3015/4,b,4,Environmental science,1494,
3015/5,b,4,Gemology,1495,
3015/6,b,4,Geochemistry,1496,
3015/7,b,4,Geodesy,1497,
3015/8,b,4,Physical geography,1498,
3015/8a,b,5,Atmospheric science / Meteorology,1499,
3015/8b,b,5,Biogeography / Phytogeography,1500,
3015/8c,b,5,Climatology / Paleoclimatology / Palaeogeography,1501,
3015/8d,b,5,Coastal geography / Oceanography,1502,
3015/8e,b,5,Edaphology / Pedology or Soil science,1503,
3015/8f,b,5,Geobiology,1504,
3015/8g,b,5,"Geology (Geomorphology, Mineralogy, Petrology, Sedimentology, Speleology, Tectonics, Volcanology)",1505,
3015/8h,b,5,Geostatistics,1506,
3015/8i,b,5,Glaciology,1507,
3015/8j,b,5,Hydrology/ Limnology / Hydrogeology,1508,
3015/8k,b,5,Landscape ecology,1509,
3015/8l,b,5,Quaternary science,1510,
3015/9,b,4,Geophysics,1511,
3015/10,b,4,Paleontology,1512,
3015/10a,b,5,Paleobiology,1513,
3015/10b,b,5,Paleoecology,1514,
3015/11,b,4,Ecology,1515,
3015/12,b,4,Forensic geology,1516,
3015/13,b,4,Geophysics,1517,
3015/14,b,4,"Planetary science (alternatively, a part of space science)",1518,
3015/15,b,4,Seismology,1519,
3020,h,1,Life science,1521,
3021,h,2,Biology,1523,
3021/1,b,4,Aerobiology,1525,
3021/2,b,4,Anatomy,1526,
3021/2a,b,5,Comparative anatomy,1527,
3021/2b,b,5,Human anatomy,1528,
3021/3,b,4,Biochemistry,1529,
3021/4,b,4,Bioinformatics,1530,
3021/5,b,4,Biophysics,1531,
3021/6,b,4,Biotechnology,1532,
3021/7,b,4,Botany,1533,
3021/7a,b,5,Ethnobotany,1534,
3021/7b,b,5,Phycology,1535,
3021/8,b,4,Cell biology,1536,
3021/9,b,4,Chronobiology,1537,
3021/10,b,4,Cognitive biology,1538,
3021/11,b,4,Computational biology,1539,
3021/12,b,4,Conservation biology,1540,
3021/13,b,4,Cryobiology,1541,
3021/14,b,4,Developmental biology,1542,
3021/14a,b,5,Embryology,1543,
3021/14b,b,5,Gerontology,1544,
3021/14c,b,5,Teratology,1545,
3021/15,b,4,Ecology,1546,
3021/15a,b,5,Agroecology,1547,
3021/15b,b,5,Ethnoecology,1548,
3021/15c,b,5,Human ecology,1549,
3021/15d,b,5,Landscape ecology,1550,
3021/16,b,4,Endocrinology,1551,
3021/17,b,4,Epigenetics,1552,
3021/18,b,4,Ethnobiology,1553,
3021/18a,b,5,Anthrozoology,1554,
3021/19,b,4,Evolutionary biology,1555,
3021/20,b,4,Evolution,1556,
3021/20a,b,5,Systematics,1557,
3021/20b,b,5,Taxonomy,1558,
3021/21,b,4,Forensic biology,1559,
3021/22,b,4,Genetics,1560,
3021/22a,b,5,Behavioural genetics,1561,
3021/22b,b,5,Molecular genetics,1562,
3021/22c,b,5,Population genetics,1563,
3021/23,b,4,Geobiology,1564,
3021/24,b,4,Histology,1565,
3021/25,b,4,Human biology,1566,
3021/26,b,4,Immunology,1567,
3021/27,b,4,Limnology,1568,
3021/28,b,4,Linnaean taxonomy,1569,
3021/29,b,4,Marine biology,1570,
3021/30,b,4,Mathematical biology,1571,
3021/31,b,4,Microbiology,1572,
3021/31a,b,5,Bacteriology,1573,
3021/31b,b,5,Protistology,1574,
3021/32,b,4,Molecular biology,1575,
3021/33,b,4,Mycology,1576,
3021/34,b,4,Neuroscience,1577,
3021/34a,b,5,Behavioral neuroscience,1578,
3021/34b,b,5,Neurophysics,1579,
3021/34c,b,5,Computational Neuroscience,1580,
3021/35,b,4,Nutrition,1581,
3021/36,b,4,Paleobiology,1582,
3021/36a,b,5,Paleontology,1583,
3021/37,b,4,Parasitology,1584,
3021/38,b,4,Pathology,1585,
3021/38a,b,5,Anatomical pathology,1586,
3021/38b,b,5,Clinical pathology,1587,
3021/38c,b,5,Dermatopathology,1588,
3021/38d,b,5,Forensic pathology,1589,
3021/38e,b,5,Hematopathology,1590,
3021/38f,b,5,Histopathology,1591,
3021/38g,b,5,Molecular pathology,1592,
3021/38h,b,5,Surgical pathology,1593,
3021/38i,b,5,Phytopathology,1594,
3021/39,b,4,Physiology,1595,
3021/39a,b,5,Human physiology,1596,
3021/39a1,b,6,Exercise physiology,1597,
3021/40,b,4,Structural Biology,1598,
3021/41,b,4,Systematics (Taxonomy),1599,
3021/42,b,4,Population biology,1600,
3021/43,b,4,Quantum biology,1601,
3021/44,b,4,Sociobiology,1602,
3021/45,b,4,Theoretical biology,1603,
3021/46,b,4,Toxicology,1604,
3021/47,b,4,Systems biology,1605,
3021/48,b,4,Virology,1606,
3021/48a,b,5,Molecular virology,1607,
3021/49,b,4,Xenobiology,1608,
3021/50,b,4,Zoology,1609,
3021/50a,b,5,Animal communications,1610,
3021/50b,b,5,Apiology,1611,
3021/50c,b,5,Arachnology,1612,
3021/50d,b,5,Arthropodology,1613,
3021/50e,b,5,Batrachology,1614,
3021/50f,b,5,Bryozoology,1615,
3021/50g,b,5,Carcinology,1616,
3021/50h,b,5,Cetology,1617,
3021/50i,b,5,Cnidariology,1618,
3021/50j,b,5,Entomology,1619,
3021/50j1,b,6,Forensic entomology,1620,
3021/50k,b,5,Ethnozoology,1621,
3021/50l,b,5,Ethology,1622,
3021/50m,b,5,Helminthology,1623,
3021/50n,b,5,Herpetology,1624,
3021/50o,b,5,Ichthyology,1625,
3021/50p,b,5,Invertebrate zoology,1626,
3021/50q,b,5,Mammalogy,1627,
3021/50q1,b,6,Cynology,1628,
3021/50q2,b,6,Felinology,1629,
3021/50r,b,5,Malacology,1630,
3021/50r1,b,6,Conchology,1631,
3021/50r2,b,6,Limacology,1632,
3021/50r3,b,6,Teuthology,1633,
3021/50s,b,5,Myriapodology,1634,
3021/50t,b,5,Myrmecology,1635,
3021/50u,b,5,Nematology,1636,
3021/50v,b,5,Neuroethology,1637,
3021/50w,b,5,Oology,1638,
3021/50x,b,5,Ornithology,1639,
3021/50y,b,5,Planktology,1640,
3021/50z,b,5,Primatology,1641,
3021/50aa,b,5,Zootomy,1642,
3021/50ab,b,5,Zoosemiotics,1643,
4000,h,0,Formal science,1645,
4010,h,1,Computer science,1647,Also a branch of electrical engineering
4010/1,b,4,Logic in computer science,1651,
4010/1a,b,5,Formal methods (Formal verification),1652,
4010/1b,b,5,Logic programming,1653,
4010/1c,b,5,Multi-valued logic,1654,
4010/1c1,b,6,Fuzzy logic,1655,
4010/1d,b,5,Programming language semantics,1656,
4010/1e,b,5,Type theory,1657,
4010/2,b,4,Operating systems,1658,
4010/3,b,4,Algorithms,1659,
4010/3a,b,5,Computational geometry,1660,
4010/3b,b,5,Distributed algorithms,1661,
4010/3c,b,5,Parallel algorithms,1662,
4010/3d,b,5,Randomized algorithms,1663,
4010/4,b,4,Artificial intelligence,1664,
4010/4a,b,5,Cognitive science,1665,
4010/4a1,b,6,Automated reasoning,1666,
4010/4a2,b,6,Computer vision,1667,
4010/4a3,b,6,Machine learning,1668,
4010/4a3a,b,7,Artificial neural networks,1669,
4010/4a3b,b,7,Support vector machine,1670,
4010/4a4,b,6,Natural language processing (Computational linguistics),1671,
4010/4a5,b,6,Computer vision,1672,
4010/4b,b,5,Expert systems,1673,
4010/4c,b,5,Robotics,1674,
4010/5,b,4,Database,1675,
4010/6,b,4,Data science,1676,
4010/7,b,4,Data structures,1677,
4010/8,b,4,Computer architecture,1678,
4010/9,b,4,Computer graphics,1679,
4010/9a,b,5,Image processing,1680,
4010/9b,b,5,Scientific visualization,1681,
4010/10,b,4,Computer communications (networks),1682,
4010/10a,b,5,Cloud computing,1683,
4010/10b,b,5,Information theory,1684,
4010/10c,b,5,"Internet, World Wide Web",1685,
4010/10d,b,5,Ubiquitous computing,1686,
4010/10e,b,5,Wireless computing (Mobile computing),1687,
4010/11,b,4,Computer security and reliability,1688,
4010/11a,b,5,Cryptanalysis,1689,
4010/11b,b,5,Cryptography,1690,
4010/11c,b,5,Fault-tolerant computing,1691,
4010/11d,b,5,Information security,1692,
4010/11e,b,5,Network security,1693,
4010/12,b,4,"Computing in mathematics, natural sciences, engineering, and medicine",1694,
4010/12a,b,5,Algebraic (symbolic) computation,1695,
4010/12b,b,5,Computational biology (bioinformatics),1696,
4010/12c,b,5,Computational chemistry,1697,
4010/12d,b,5,Computational mathematics,1698,
4010/12e,b,5,Computational neuroscience,1699,
4010/12f,b,5,Computational number theory,1700,
4010/12g,b,5,Computational physics,1701,
4010/12h,b,5,Computer-aided engineering,1702,
4010/12h1,b,6,Computational fluid dynamics,1703,
4010/12h2,b,6,Finite element analysis,1704,
4010/12i,b,5,Numerical analysis,1705,
4010/12j,b,5,Algebraic (symbolic) computation,1706,
4010/12k,b,5,Scientific computing (Computational science),1707,
4010/13,b,4,"Computing in social sciences, arts, humanities, and professions",1708,
4010/13a,b,5,Community informatics,1709,
4010/13b,b,5,Computational economics,1710,
4010/13c,b,5,Computational finance,1711,
4010/13d,b,5,Computational sociology,1712,
4010/13e,b,5,Digital humanities (Humanities computing),1713,
4010/13f,b,5,History of computer hardware,1714,
4010/13g,b,5,History of computer science,1715,
4010/13h,b,5,Humanistic informatics,1716,
4010/13i,b,5,Databases,1717,
4010/13i1,b,6,Distributed databases,1718,
4010/13i2,b,6,Object databases,1719,
4010/13i3,b,6,Relational databases,1720,
4010/13j,b,5,Data management,1721,
4010/13k,b,5,Data mining,1722,
4010/13l,b,5,Information science,1723,
4010/13m,b,5,Information architecture,1724,
4010/13n,b,5,Information management,1725,
4010/13o,b,5,Information retrieval,1726,
4010/13p,b,5,Information system,1727,
4010/13q,b,5,Information technology,1728,
4010/13r,b,5,Knowledge management,1729,
4010/13s,b,5,"Multimedia, hypermedia",1730,
4010/13s1,b,6,Sound and music computing,1731,
4010/14,b,4,Distributed computing,1732,
4010/14a,b,5,Grid computing,1733,
4010/15,b,4,Human-computer interaction,1734,
4010/16,b,4,Operating systems,1735,
4010/17,b,4,Parallel computing,1736,
4010/17a,b,5,High-performance computing,1737,
4010/18,b,4,Computer program,1738,
4010/19,b,4,Computer programming,1739,
4010/20,b,4,Programming languages,1740,
4010/20a,b,5,Compilers,1741,
4010/20b,b,5,Programming paradigms,1742,
4010/20b1,b,6,Concurrent programming,1743,
4010/20b2,b,6,Functional programming,1744,
4010/20b3,b,6,Imperative programming,1745,
4010/20b4,b,6,Logic programming,1746,
4010/20b5,b,6,Object-oriented programming,1747,
4010/20c,b,5,Program semantics,1748,
4010/20d,b,5,Type theory,1749,
4010/21,b,4,Quantum computing,1750,
4010/21a,b,5,Quantum information,1751,
4010/22,b,4,Software engineering,1752,
4010/22a,b,5,Formal methods (Formal verification),1753,
4010/22b,b,5,Game Development,1754,
4010/23,b,4,Theoretical computer science,1755,
4010/24,b,4,Theory of computation,1756,
4010/24a,b,5,Automata theory (Formal languages),1757,
4010/24b,b,5,Computability theory,1758,
4010/24c,b,5,Computational complexity theory,1759,
4010/24d,b,5,Concurrency theory,1760,
4010/25,b,4,VLSI design,1761,
4020,h,1,Logic,1763,
4020/1,b,4,Mathematical logic,1765,
4020/1a,b,5,Set theory,1766,
4020/1b,b,5,Proof theory,1767,
4020/1c,b,5,Model theory,1768,
4020/1d,b,5,Recursion theory,1769,
4020/1e,b,5,Modal logic,1770,
4020/1f,b,5,Intuitionistic logic,1771,
4020/2,b,4,Philosophical logic,1772,
4020/2a,b,5,Logical reasoning,1773,
4020/2b,b,5,Modal logic,1774,
4020/2b1,b,6,Deontic logic,1775,
4020/2b2,b,6,Doxastic logic,1776,
4020/3,b,4,Logic in computer science,1777,
4020/3a,b,5,Programming language semantics,1778,
4020/3b,b,5,Formal methods (Formal verification),1779,
4020/3c,b,5,Type theory,1780,
4020/3d,b,5,Logic programming,1781,
4020/3e,b,5,Multi-valued logic,1782,
4020/3e1,b,6,Fuzzy logic,1783,
4030,h,1,Mathematics,1785,
4031,h,2,Pure mathematics,1787,
4031/1,b,4,Mathematical logic and Foundations of mathematics,1789,
4031/1a,b,5,Intuitionistic logic,1790,
4031/1b,b,5,Modal logic,1791,
4031/1c,b,5,Model theory,1792,
4031/1d,b,5,Proof theory,1793,
4031/1e,b,5,Recursion theory,1794,
4031/1f,b,5,Set theory,1795,
4031/2,b,4,Arithmetic,1796,
4031/3,b,4,Algebra,1797,
4031/3a,b,5,Associative algebra,1798,
4031/3b,b,5,Category theory,1799,
4031/3b1,b,6,Topos theory,1800,
4031/3c,b,5,Differential algebra,1801,
4031/3d,b,5,Field theory,1802,
4031/3e,b,5,Group theory,1803,
4031/3e1,b,6,Group representation,1804,
4031/3f,b,5,Homological algebra,1805,
4031/3g,b,5,K-theory,1806,
4031/3h,b,5,Lattice theory (Order theory),1807,
4031/3i,b,5,Lie algebra,1808,
4031/3j,b,5,Linear algebra (Vector space),1809,
4031/3k,b,5,Multilinear algebra,1810,
4031/3l,b,5,Non-associative algebra,1811,
4031/3m,b,5,Representation theory,1812,
4031/3n,b,5,Ring theory,1813,
4031/3n1,b,6,Commutative algebra,1814,
4031/3n2,b,6,Noncommutative algebra,1815,
4031/3o,b,5,Universal algebra,1816,
4031/4,b,4,Analysis,1817,
4031/4a,b,5,Complex analysis,1818,
4031/4b,b,5,Functional analysis,1819,
4031/4b1,b,6,Operator theory,1820,
4031/4c,b,5,Harmonic analysis,1821,
4031/4c1,b,6,Fourier analysis,1822,
4031/4d,b,5,Non-standard analysis,1823,
4031/4e,b,5,Ordinary differential equations,1824,
4031/4f,b,5,p-adic analysis,1825,
4031/4g,b,5,Partial differential equations,1826,
4031/4h,b,5,Real analysis,1827,
4031/4h1,b,6,Calculus,1828,
4031/5,b,4,Probability theory,1829,
4031/5a,b,5,Ergodic theory,1830,
4031/5b,b,5,Measure theory,1831,
4031/5b1,b,6,Integral geometry,1832,
4031/5c,b,5,Stochastic process,1833,
4031/6,b,4,Geometry and Topology,1834,
4031/6a,b,5,Affine geometry,1835,
4031/6b,b,5,Algebraic geometry,1836,
4031/6c,b,5,Algebraic topology,1837,
4031/6d,b,5,Convex geometry,1838,
4031/6e,b,5,Differential topology,1839,
4031/6f,b,5,Discrete geometry,1840,
4031/6g,b,5,Finite geometry,1841,
4031/6h,b,5,Galois geometry,1842,
4031/6i,b,5,General topology,1843,
4031/6j,b,5,Geometric topology,1844,
4031/6k,b,5,Integral geometry,1845,
4031/6l,b,5,Noncommutative geometry,1846,
4031/6m,b,5,Non-Euclidean geometry,1847,
4031/6n,b,5,Projective geometry,1848,
4031/6o,b,5,Euclidean geometry,1849,
4031/6p,b,5,Solid geometry,1850,
4031/6q,b,5,Trigonometry,1851,
4031/7,b,4,Number theory,1852,
4031/7a,b,5,Algebraic number theory,1853,
4031/7b,b,5,Analytic number theory,1854,
4031/7c,b,5,Arithmetic combinatorics,1855,
4031/7d,b,5,Arithmetic,1856,
4031/7e,b,5,Geometric number theory,1857,
4032,h,2,Applied mathematics,1859,
4032/1,b,4,Approximation theory,1861,
4032/2,b,4,Combinatorics,1862,
4032/2a,b,5,Coding theory,1863,
4032/3,b,4,Dynamical systems,1864,
4032/3a,b,5,Chaos theory,1865,
4032/3b,b,5,Fractal geometry,1866,
4032/4,b,4,Game theory,1867,
4032/5,b,4,Graph theory,1868,
4032/6,b,4,Information theory,1869,
4032/7,b,4,Mathematical physics,1870,
4032/7a,b,5,Quantum field theory,1871,
4032/7b,b,5,Quantum gravity,1872,
4032/7b1,b,6,String theory,1873,
4032/7c,b,5,Quantum mechanics,1874,
4032/7d,b,5,Statistical mechanics,1875,
4032/8,b,4,Numerical analysis,1876,
4032/9,b,4,Operations research,1877,
4032/9a,b,5,Assignment problem,1878,
4032/9b,b,5,Decision analysis,1879,
4032/9c,b,5,Dynamic programming,1880,
4032/9d,b,5,Inventory theory,1881,
4032/9e,b,5,Linear programming,1882,
4032/9f,b,5,Mathematical optimization,1883,
4032/9g,b,5,Optimal maintenance,1884,
4032/9h,b,5,Real options analysis,1885,
4032/9i,b,5,Scheduling,1886,
4032/9j,b,5,Stochastic processes,1887,
4032/9k,b,5,Systems analysis,1888,
4032/10,b,4,Statistics,1889,
4032/10a,b,5,Actuarial science,1890,
4032/10b,b,5,Demography,1891,
4032/10c,b,5,Econometrics,1892,
4032/10d,b,5,Mathematical statistics,1893,
4032/10e,b,5,Data visualization,1894,
4032/11,b,4,Computational mathematics,1895,
4032/12,b,4,Theory of computation,1896,
4032/12a,b,5,Computational complexity theory,1897,
4032/13,b,4,Cryptography,1898,
4032/14,b,4,Steganography,1899,
4032/15,b,4,Mathematical game,1900,
4032/16,b,4,Mathematical puzzle,1901,
4033,h,3,Statistics,1903,
4033/1,b,4,Mathematical statistics,1905,
4033/2,b,4,Econometrics,1906,
4033/3,b,4,Actuarial science,1907,
4033/4,b,4,Demography,1908,
4033/5,b,4,Computational statistics,1909,
4033/5a,b,5,Data mining,1910,
4033/5b,b,5,Regression,1911,
4033/5c,b,5,Simulation,1912,
4033/5c1,b,6,Bootstrap (statistics),1913,
4033/6,b,4,Design of experiments,1914,
4033/6a,b,5,Block design and Analysis of variance,1915,
4033/6b,b,5,Response surface methodology,1916,
4033/7,b,4,Sample Survey,1917,
4033/7a,b,5,Sampling theory,1918,
4033/8,b,4,Statistical modelling,1919,
4033/8a,b,5,Biostatistics,1920,
4033/8a1,b,6,Epidemiology,1921,
4033/8b,b,5,Multivariate analysis,1922,
4033/8b1,b,6,Structural equation model,1923,
4033/8b2,b,6,Time series,1924,
4033/8c,b,5,Reliability theory,1925,
4033/8d,b,5,Quality control,1926,
4033/9,b,4,Statistical theory,1927,
4033/9a,b,5,Decision theory,1928,
4033/9b,b,5,Mathematical statistics,1929,
4033/9b1,b,6,Probability,1930,
4033/9c,b,5,Survey methodology,1931,
5000,h,0,Applied science,1933,
5010,h,1,Agriculture,1935,
5010/1,b,4,Aeroponics,1937,
5010/1a,b,5,Fogponics,1938,
5010/2,b,4,Agroecology,1939,
5010/3,b,4,Agrology,1940,
5010/4,b,4,Agronomy,1941,
5010/5,b,4,Animal husbandry (Animal science),1942,
5010/5a,b,5,Beekeeping (Apiculture),1943,
5010/6,b,4,Anthroponics,1944,
5010/7,b,4,Agricultural economics,1945,
5010/8,b,4,Agricultural engineering,1946,
5010/8a,b,5,Biological systems engineering,1947,
5010/8b,b,5,Food engineering,1948,
5010/9,b,4,Aquaculture,1949,
5010/10,b,4,Aquaponics,1950,
5010/11,b,4,Enology,1951,
5010/12,b,4,Entomology,1952,
5010/13,b,4,Food science,1953,
5010/13a,b,5,Culinary arts,1954,
5010/14,b,4,Forestry,1955,
5010/15,b,4,Horticulture,1956,
5010/16,b,4,Hydrology,1957,
5010/17,b,4,Hydroponics,1958,
5010/18,b,4,Pedology,1959,
5010/19,b,4,Plant science,1960,
5010/19a,b,5,Pomology,1961,
5010/20,b,4,Pest control,1962,
5010/21,b,4,Purification,1963,
5010/22,b,4,Urban agriculture,1964,
5010/23,b,4,Viticulture,1965,
5020,h,1,Architecture and design,1967,
5020/1,b,4,Architecture,1969,
5020/1a,b,5,Interior architecture,1970,
5020/1b,b,5,Landscape architecture,1971,
5020/2,b,4,Architectural analytics,1972,
5020/3,b,4,Historic preservation,1973,
5020/4,b,4,Interior design (interior architecture),1974,
5020/5,b,4,Landscape architecture (landscape planning),1975,
5020/6,b,4,Landscape design,1976,
5020/7,b,4,Urban planning (urban design),1977,
5020/8,b,4,Visual communication,1978,
5020/8a,b,5,Graphic design,1979,
5020/8a1,b,6,Type design,1980,
5020/8b,b,5,Technical drawing,1981,
5020/9,b,4,Industrial design (product design),1982,
5020/9a,b,5,Ergonomics,1983,
5020/9b,b,5,Toy and amusement design,1984,
5020/10,b,4,User experience design,1985,
5020/10a,b,5,Interaction design,1986,
5020/10b,b,5,Information architecture,1987,
5020/10c,b,5,User interface design,1988,
5020/10d,b,5,User experience evaluation,1989,
5020/11,b,4,Decorative arts,1990,
5020/12,b,4,Fashion design,1991,
5020/13,b,4,Textile design,1992,
5020/14,b,4,Food design,1993,
5030,h,1,Education,1995,
5030/1,b,4,Comparative education,1997,
5030/2,b,4,Critical pedagogy,1998,
5030/3,b,4,Curriculum and instruction,1999,
5030/3a,b,5,Alternative education,2000,
5030/3b,b,5,Early childhood education,2001,
5030/3c,b,5,Elementary education,2002,
5030/3d,b,5,Secondary education,2003,
5030/3e,b,5,Higher education,2004,
5030/3f,b,5,Mastery learning,2005,
5030/3g,b,5,Cooperative learning,2006,
5030/3h,b,5,Agricultural education,2007,
5030/3i,b,5,Art education,2008,
5030/3j,b,5,Bilingual education,2009,
5030/3k,b,5,Chemistry education,2010,
5030/3l,b,5,Counselor education,2011,
5030/3m,b,5,Language education,2012,
5030/3n,b,5,Legal education,2013,
5030/3o,b,5,Mathematics education,2014,
5030/3p,b,5,Medical education,2015,
5030/3q,b,5,Military education and training,2016,
5030/3r,b,5,Music education,2017,
5030/3s,b,5,Nursing education,2018,
5030/3t,b,5,Outdoor education,2019,
5030/3u,b,5,Peace education,2020,
5030/3v,b,5,Physical education/Sports coaching,2021,
5030/3w,b,5,Physics education,2022,
5030/3x,b,5,Reading education,2023,
5030/3y,b,5,Religious education,2024,
5030/3z,b,5,Science education,2025,
5030/3aa,b,5,Special education,2026,
5030/3ab,b,5,Sex education,2027,
5030/3ac,b,5,Sociology of education,2028,
5030/3ad,b,5,Technology education,2029,
5030/3ae,b,5,Vocational education,2030,
5030/4,b,4,Educational leadership,2031,
5030/5,b,4,Educational philosophy,2032,
5030/6,b,4,Educational psychology,2033,
5030/7,b,4,Educational technology,2034,
5030/8,b,4,Distance education,2035,
5040,h,1,Engineering and technology,2037,
5041,h,2,Chemical engineering,2039,
5041/1,b,4,Biocatalysts,2041,
5041/2,b,4,Bioengineering,2042,
5041/2a,b,5,Biochemical engineering,2043,
5041/2b,b,5,Biomolecular engineering,2044,
5041/2c,b,5,Bionics,2045,
5041/3,b,4,Catalysis,2046,
5041/4,b,4,Materials engineering,2047,
5041/5,b,4,Molecular engineering,2048,
5041/6,b,4,Nanotechnology,2049,
5041/7,b,4,Polymer engineering,2050,
5041/8,b,4,Process design,2051,
5041/8a,b,5,Petroleum engineering,2052,
5041/8b,b,5,Nuclear engineering,2053,
5041/8c,b,5,Food engineering,2054,
5041/9,b,4,Process engineering,2055,
5041/10,b,4,Reaction engineering,2056,
5041/11,b,4,Thermodynamics,2057,
5041/12,b,4,Transport phenomena,2058,
5042,h,2,Civil engineering,2060,
5042/1,b,4,Coastal engineering,2062,
5042/2,b,4,Earthquake engineering,2063,
5042/3,b,4,Ecological engineering,2064,
5042/4,b,4,Environmental engineering,2065,
5042/5,b,4,Geotechnical engineering,2066,
5042/5a,b,5,Engineering geology,2067,
5042/6,b,4,Hydraulic engineering,2068,
5042/7,b,4,Mining engineering,2069,
5042/8,b,4,Transportation engineering,2070,
5042/8a,b,5,Highway engineering,2071,
5042/9,b,4,Structural engineering,2072,
5042/9a,b,5,Architectural engineering,2073,
5042/10,b,4,Structural mechanics,2074,
5042/11,b,4,Surveying,2075,
5042/12,b,4,Agricultural engineering,2076,
5042/13,b,4,Construction,2077,
5042/14,b,4,Infrastructure,2078,
5043,h,2,Educational technology,2080,
5043/1,b,4,Instructional design,2082,
5043/1a,b,5,Distance education,2083,
5043/1b,b,5,Instructional simulation,2084,
5043/2,b,4,Human performance technology,2085,
5043/3,b,4,Knowledge management,2086,
5044,h,2,Electrical engineering,2088,
5044/1,b,4,Applied physics,2090,
5044/2,b,4,Computer engineering,2091,
5044/3,b,4,Computer science,2092,
5044/4,b,4,Control systems engineering,2093,
5044/4a,b,5,Control theory,2094,
5044/5,b,4,Electronic engineering,2095,
5044/5a,b,5,Electronics,2096,
5044/5b,b,5,Instrumentation engineering,2097,
5044/6,b,4,Engineering physics,2098,
5044/6a,b,5,Photonics,2099,
5044/7,b,4,Information theory,2100,
5044/8,b,4,Mechatronics,2101,
5044/9,b,4,Power engineering,2102,
5044/10,b,4,Quantum computing,2103,
5044/11,b,4,Robotics,2104,
5044/11a,b,5,Microbotics,2105,
5044/12,b,4,Semiconductors,2106,
5044/13,b,4,Telecommunications engineering,2107,
5045,h,2,Materials science,2109,
5045/1,b,4,Biomaterials,2111,
5045/2,b,4,Ceramic engineering,2112,
5045/3,b,4,Crystallography,2113,
5045/4,b,4,Nanomaterials,2114,
5045/5,b,4,Photonics,2115,
5045/6,b,4,Physical Metallurgy,2116,
5045/7,b,4,Polymer engineering,2117,
5045/8,b,4,Polymer science,2118,
5045/9,b,4,Semiconductors,2119,
5045/10,b,4,Corrosion engineering,2120,
5046,h,2,Mechanical engineering,2122,
5046/1,b,4,Aerospace engineering,2124,
5046/1a,b,5,Aeronautics,2125,
5046/1b,b,5,Astronautics,2126,
5046/2,b,4,Acoustical engineering,2127,
5046/3,b,4,Automotive engineering,2128,
5046/4,b,4,Biomedical engineering,2129,
5046/4a,b,5,Biomechanical engineering,2130,
5046/4b,b,5,Neural engineering,2131,
5046/5,b,4,Continuum mechanics,2132,
5046/6,b,4,Fluid mechanics,2133,
5046/7,b,4,Heat transfer,2134,
5046/8,b,4,Industrial engineering,2135,
5046/9,b,4,Manufacturing engineering,2136,
5046/10,b,4,Marine engineering,2137,
5046/11,b,4,Mass transfer,2138,
5046/12,b,4,Mechatronics,2139,
5046/13,b,4,Nanoengineering,2140,
5046/14,b,4,Ocean engineering,2141,
5046/15,b,4,Optical engineering,2142,
5046/16,b,4,Robotics,2143,
5046/17,b,4,Thermal engineering,2144,
5046/18,b,4,Thermodynamics,2145,
5047,h,2,Systems science,2147,
5047/1,b,4,Chaos theory,2149,
5047/2,b,4,Complex systems,2150,
5047/3,b,4,Conceptual systems,2151,
5047/4,b,4,Control theory,2152,
5047/4a,b,5,Affect control theory,2153,
5047/4b,b,5,Control engineering,2154,
5047/4c,b,5,Control systems,2155,
5047/4d,b,5,Dynamical systems,2156,
5047/4e,b,5,Perceptual control theory,2157,
5047/5,b,4,Cybernetics,2158,
5047/5a,b,5,Biocybernetics,2159,
5047/5b,b,5,Engineering cybernetics,2160,
5047/5c,b,5,Management cybernetics,2161,
5047/5d,b,5,Medical cybernetics,2162,
5047/5e,b,5,New Cybernetics,2163,
5047/5f,b,5,Second-order cybernetics,2164,
5047/5g,b,5,Sociocybernetics,2165,
5047/6,b,4,Network science,2166,
5047/7,b,4,Operations research,2167,
5047/8,b,4,Systems biology,2168,
5047/8a,b,5,Computational systems biology,2169,
5047/8b,b,5,Synthetic biology,2170,
5047/8c,b,5,Systems immunology,2171,
5047/8d,b,5,Systems neuroscience,2172,
5047/9,b,4,System dynamics,2173,
5047/9a,b,5,Social dynamics,2174,
5047/10,b,4,Systems ecology,2175,
5047/10a,b,5,Ecosystem ecology,2176,
5047/11,b,4,Systems engineering,2177,
5047/11a,b,5,Biological systems engineering,2178,
5047/11b,b,5,Earth systems engineering and management,2179,
5047/11c,b,5,Enterprise systems engineering,2180,
5047/11d,b,5,Systems analysis,2181,
5047/12,b,4,Systems psychology,2182,
5047/12a,b,5,Ergonomics,2183,
5047/12b,b,5,Family systems theory,2184,
5047/12c,b,5,Systemic therapy,2185,
5047/13,b,4,Systems theory,2186,
5047/13a,b,5,Biochemical systems theory,2187,
5047/13b,b,5,Ecological systems theory,2188,
5047/13c,b,5,Developmental systems theory,2189,
5047/13d,b,5,General systems theory,2190,
5047/13e,b,5,Living systems theory,2191,
5047/13f,b,5,LTI system theory,2192,
5047/13g,b,5,Mathematical system theory,2193,
5047/13h,b,5,Sociotechnical systems theory,2194,
5047/13i,b,5,World-systems theory,2195,
5047/14,b,4,Systems theory in anthropology,2196,
5050,h,1,Environmental studies and forestry,2198,
5050/1,b,4,Environmental management,2200,
5050/1a,b,5,Coastal management,2201,
5050/1b,b,5,Fisheries management,2202,
5050/1c,b,5,Land management,2203,
5050/1d,b,5,Natural resource management,2204,
5050/1e,b,5,Waste management,2205,
5050/1f,b,5,Wildlife management,2206,
5050/2,b,4,Environmental policy,2207,
5050/3,b,4,Wildlife observation,2208,
5050/4,b,4,Recreation ecology,2209,
5050/5,b,4,Silviculture,2210,
5050/6,b,4,Sustainability studies,2211,
5050/6a,b,5,Sustainable development,2212,
5050/7,b,4,Toxicology,2213,
5050/8,b,4,Ecology,2214,
5060,h,1,Family and consumer science,2216,
5060/1,b,4,Consumer education,2218,
5060/2,b,4,Housing,2219,
5060/3,b,4,Interior design,2220,
5060/4,b,4,Nutrition,2221,
5060/4a,b,5,Foodservice management,2222,
5060/5,b,4,Textiles,2223,
5070,h,1,Human physical performance and recreation,2225,
5070/1,b,4,Biomechanics / Sports biomechanics,2227,
5070/2,b,4,Sports coaching,2228,
5070/3,b,4,Escapology,2229,
5070/4,b,4,Ergonomics,2230,
5070/5,b,4,Physical fitness,2231,
5070/5a,b,5,Aerobics,2232,
5070/5b,b,5,Personal trainer / Personal fitness training,2233,
5070/6,b,4,Game design,2234,
5070/7,b,4,Exercise physiology,2235,
5070/8,b,4,Kinesiology / Exercise physiology / Performance science,2236,
5070/9,b,4,Leisure studies,2237,
5070/10,b,4,Navigation,2238,
5070/11,b,4,Outdoor activity,2239,
5070/12,b,4,Physical activity,2240,
5070/13,b,4,Physical education / Pedagogy,2241,
5070/14,b,4,Sociology of sport,2242,
5070/15,b,4,Sexology,2243,
5070/16,b,4,Sports / exercise,2244,
5070/17,b,4,Sports journalism / sportscasting,2245,
5070/18,b,4,Sport management,2246,
5070/18a,b,5,Athletic director,2247,
5070/19,b,4,Sport psychology,2248,
5070/20,b,4,Sports medicine,2249,
5070/20a,b,5,Athletic training,2250,
5070/21,b,4,Survival skills,2251,
5070/21a,b,5,Batoning,2252,
5070/21b,b,5,Bushcraft,2253,
5070/21c,b,5,Scoutcraft,2254,
5070/21d,b,5,Woodcraft,2255,
5070/22,b,4,Toy and amusement design,2256,
5080,h,1,"Journalism, media studies and communication",2258,
5080/1,b,4,Journalism,2260,
5080/1a,b,5,Broadcast journalism,2261,
5080/1b,b,5,Digital journalism,2262,
5080/1c,b,5,Literary journalism,2263,
5080/1d,b,5,New media journalism,2264,
5080/1e,b,5,Print journalism,2265,
5080/1f,b,5,Sports journalism / sportscasting,2266,
5080/2,b,4,Media studies (Mass media),2267,
5080/2a,b,5,Newspaper,2268,
5080/2b,b,5,Magazine,2269,
5080/2c,b,5,Radio,2270,
5080/2d,b,5,Television,2271,
5080/2d1,b,6,Television studies,2272,
5080/2e,b,5,Film,2273,
5080/2e1,b,6,Film studies,2274,
5080/2f,b,5,Game studies,2275,
5080/2g,b,5,Fan studies,2276,
5080/3,b,4,Narratology,2277,
5080/3a,b,5,Internet,2278,
5080/4,b,4,Communication studies,2279,
5080/4a,b,5,Advertising,2280,
5080/4b,b,5,Animal communication,2281,
5080/4c,b,5,Communication design,2282,
5080/4d,b,5,Conspiracy theory,2283,
5080/4e,b,5,Digital media,2284,
5080/4f,b,5,Electronic media,2285,
5080/4g,b,5,Environmental communication,2286,
5080/4h,b,5,Hoax,2287,
5080/4i,b,5,Information theory,2288,
5080/4j,b,5,Intercultural communication,2289,
5080/4k,b,5,Marketing,2290,
5080/4l,b,5,Mass communication,2291,
5080/4m,b,5,Nonverbal communication,2292,
5080/4n,b,5,Organizational communication,2293,
5080/4o,b,5,Popular culture studies,2294,
5080/4p,b,5,Propaganda,2295,
5080/4q,b,5,Public relations,2296,
5080/4r,b,5,Speech communication,2297,
5080/4s,b,5,Technical writing,2298,
5080/4t,b,5,Translation,2299,
5090,h,1,Library and museum studies,2301,
5090/1,b,4,Archival science,2303,
5090/2,b,4,Archivist,2304,
5090/3,b,4,Bibliographic databases,2305,
5090/4,b,4,Bibliometrics,2306,
5090/5,b,4,Bookmobile,2307,
5090/6,b,4,Cataloging,2308,
5090/6a,b,5,Citation analysis,2309,
5090/7,b,4,Categorization,2310,
5090/8,b,4,Classification,2311,
5090/8a,b,5,Library classification,2312,
5090/8b,b,5,Taxonomic classification,2313,
5090/8c,b,5,Scientific classification,2314,
5090/8d,b,5,Statistical classification,2315,
5090/8e,b,5,Security classification,2316,
5090/8f,b,5,Film classification,2317,
5090/9,b,4,Collections care,2318,
5090/10,b,4,Collection management,2319,
5090/11,b,4,Collection Management Policy,2320,
5090/12,b,4,Conservation science,2321,
5090/13,b,4,Conservation and restoration of cultural heritage,2322,
5090/14,b,4,Curator,2323,
5090/15,b,4,Data storage,2324,
5090/16,b,4,Database management,2325,
5090/17,b,4,Data modeling,2326,
5090/18,b,4,Digital preservation,2327,
5090/19,b,4,Dissemination,2328,
5090/20,b,4,Film preservation,2329,
5090/21,b,4,Five laws of library science,2330,
5090/22,b,4,Historic preservation,2331,
5090/23,b,4,History of library science,2332,
5090/24,b,4,Human-computer interaction,2333,
5090/25,b,4,Indexer,2334,
5090/26,b,4,Informatics,2335,
5090/27,b,4,Information architecture,2336,
5090/28,b,4,Information broker,2337,
5090/29,b,4,Information literacy,2338,
5090/30,b,4,Information retrieval,2339,
5090/31,b,4,Information science,2340,
5090/32,b,4,Information systems and technology,2341,
5090/33,b,4,Integrated library system,2342,
5090/34,b,4,Interlibrary loan,2343,
5090/35,b,4,Knowledge engineering,2344,
5090/36,b,4,Knowledge management,2345,
5090/37,b,4,Library,2346,
5090/38,b,4,Library binding,2347,
5090/39,b,4,Library circulation,2348,
5090/40,b,4,Library instruction,2349,
5090/41,b,4,Library portal,2350,
5090/42,b,4,Library technical services,2351,
5090/43,b,4,Management,2352,
5090/44,b,4,Mass deacidification,2353,
5090/45,b,4,Museology,2354,
5090/46,b,4,Museum education,2355,
5090/46a,b,5,Museum administration,2356,
5090/47,b,4,Object conservation,2357,
5090/48,b,4,Preservation,2358,
5090/49,b,4,Prospect research,2359,
5090/50,b,4,Readers' advisory,2360,
5090/51,b,4,Records management,2361,
5090/52,b,4,Reference,2362,
5090/53,b,4,Reference desk,2363,
5090/54,b,4,Reference management software,2364,
5090/55,b,4,Registrar,2365,
5090/56,b,4,Research methods,2366,
5090/57,b,4,Slow fire,2367,
5090/58,b,4,Special library,2368,
5090/59,b,4,Statistics,2369,
5100,h,1,Medicine and health,2371,
5100/1,b,4,Alternative medicine,2373,
5100/2,b,4,Audiology,2374,
5100/3,b,4,Clinical laboratory sciences/Clinical pathology/Laboratory medicine,2375,
5100/3a,b,5,Clinical biochemistry,2376,
5100/3b,b,5,Cytogenetics,2377,
5100/3c,b,5,Cytohematology,2378,
5100/3d,b,5,Cytology,2379,
5100/3e,b,5,Haemostasiology,2380,
5100/3f,b,5,Histology,2381,
5100/3g,b,5,Clinical immunology,2382,
5100/3h,b,5,Clinical microbiology,2383,
5100/3i,b,5,Molecular genetics,2384,
5100/3j,b,5,Parasitology,2385,
5100/4,b,4,Clinical physiology,2386,
5100/5,b,4,Deathcare,2387,
5100/5a,b,5,Funeral director,2388,
5100/5b,b,5,Mortuary science,2389,
5100/6,b,4,Dentistry,2390,
5100/6a,b,5,Dental hygiene and epidemiology,2391,
5100/6b,b,5,Dental surgery,2392,
5100/6c,b,5,Endodontics,2393,
5100/6d,b,5,Implantology,2394,
5100/6e,b,5,Oral and maxillofacial surgery,2395,
5100/6f,b,5,Orthodontics,2396,
5100/6g,b,5,Periodontics,2397,
5100/6h,b,5,Prosthodontics,2398,
5100/7,b,4,Dermatology,2399,
5100/8,b,4,Emergency medicine,2400,
5100/9,b,4,Epidemiology,2401,
5100/10,b,4,Geriatrics,2402,
5100/11,b,4,Gynaecology,2403,
5100/12,b,4,Health informatics/Clinical informatics,2404,
5100/13,b,4,Hematology,2405,
5100/14,b,4,Holistic medicine,2406,
5100/15,b,4,Infectious disease,2407,
5100/16,b,4,Intensive care medicine,2408,
5100/17,b,4,Internal medicine,2409,
5100/17a,b,5,Cardiology,2410,
5100/17a1,b,6,Cardiac electrophysiology,2411,
5100/17b,b,5,Endocrinology,2412,
5100/17c,b,5,Gastroenterology,2413,
5100/17d,b,5,Hepatology,2414,
5100/17e,b,5,Nephrology,2415,
5100/17f,b,5,Neurology,2416,
5100/17g,b,5,Oncology,2417,
5100/17h,b,5,Pulmonology,2418,
5100/17i,b,5,Rheumatology,2419,
5100/18,b,4,Medical toxicology,2420,
5100/19,b,4,Music therapy,2421,
5100/20,b,4,Nursing,2422,
5100/21,b,4,Nutrition and dietetics,2423,
5100/22,b,4,Obstetrics,2424,
5100/23,b,4,Occupational hygiene,2425,
5100/24,b,4,Occupational therapy,2426,
5100/25,b,4,Occupational toxicology,2427,
5100/26,b,4,Ophthalmology,2428,
5100/26a,b,5,Neuro-ophthalmology,2429,
5100/27,b,4,Optometry,2430,
5100/28,b,4,Otolaryngology,2431,
5100/29,b,4,Pathology,2432,
5100/30,b,4,Pediatrics,2433,
5100/31,b,4,Pharmaceutical sciences,2434,
5100/31a,b,5,Pharmaceutical chemistry,2435,
5100/31b,b,5,Pharmaceutical toxicology,2436,
5100/31c,b,5,Pharmaceutics,2437,
5100/31d,b,5,Pharmacocybernetics,2438,
5100/31e,b,5,Pharmacodynamics,2439,
5100/31f,b,5,Pharmacogenomics,2440,
5100/31g,b,5,Pharmacognosy,2441,
5100/31h,b,5,Pharmacokinetics,2442,
5100/31i,b,5,Pharmacology,2443,
5100/31j,b,5,Pharmacy,2444,
5100/32,b,4,Physical fitness,2445,
5100/32a,b,5,Group Fitness / aerobics,2446,
5100/32b,b,5,Kinesiology / Exercise physiology / Performance science,2447,
5100/32c,b,5,Personal fitness training,2448,
5100/33,b,4,Physical therapy,2449,
5100/34,b,4,Osteopathy,2450,
5100/35,b,4,Physiotherapy,2451,
5100/36,b,4,Podiatry,2452,
5100/37,b,4,Preventive medicine,2453,
5100/38,b,4,Primary care,2454,
5100/38a,b,5,General practice,2455,
5100/39,b,4,Psychiatry,2456,
5100/39a,b,5,Forensic psychiatry,2457,
5100/40,b,4,Psychosomatic,2458,
5100/41,b,4,Psychotherapy,2459,
5100/42,b,4,Psychology,2460,
5100/43,b,4,Therapy,2461,
5100/44,b,4,Public health,2462,
5100/45,b,4,Radiology,2463,
5100/46,b,4,Recreational therapy,2464,
5100/47,b,4,Rehabilitation medicine,2465,
5100/48,b,4,Respiratory therapy,2466,
5100/49,b,4,Sleep medicine,2467,
5100/50,b,4,Speech–language pathology,2468,
5100/51,b,4,Sports medicine,2469,
5100/52,b,4,Surgery,2470,
5100/52a,b,5,Bariatric surgery,2471,
5100/52b,b,5,Cardiothoracic surgery,2472,
5100/52c,b,5,Neurosurgery,2473,
5100/52d,b,5,Orthoptics,2474,
5100/52e,b,5,Orthopedic surgery,2475,
5100/52f,b,5,Plastic surgery,2476,
5100/52g,b,5,Trauma surgery,2477,
5100/52h,b,5,Traumatology,2478,
5100/52i,b,5,Anesthesiology,2479,
5100/53,b,4,Traditional medicine,2480,
5100/54,b,4,Urology,2481,
5100/54a,b,5,Andrology,2482,
5100/55,b,4,Veterinary medicine,2483,
5100/56,b,4,Cosmetology,2484,
5100/57,b,4,Cleaning,2485,
5100/58,b,4,Decontamination,2486,
5100/59,b,4,Sterilization (microbiology),2487,
5100/60,b,4,Sports medicine,2488,
5110,h,1,Military sciences,2490,
5110/1,b,4,Amphibious warfare,2492,
5110/2,b,4,Artillery,2493,
5110/3,b,4,Battlespace,2494,
5110/3a,b,5,Air,2495,
5110/3b,b,5,Information,2496,
5110/3c,b,5,Land,2497,
5110/3d,b,5,Sea,2498,
5110/3e,b,5,Space,2499,
5110/4,b,4,Campaigning,2500,
5110/5,b,4,Military engineering,2501,
5110/6,b,4,Doctrine,2502,
5110/7,b,4,Espionage,2503,
5110/8,b,4,Game theory,2504,
5110/9,b,4,Grand strategy,2505,
5110/9a,b,5,Containment,2506,
5110/9b,b,5,Limited war,2507,
5110/9c,b,5,Military science,2508,
5110/9d,b,5,Philosophy of war,2509,
5110/9e,b,5,Strategic studies,2510,
5110/9f,b,5,Chess,2511,
5110/9g,b,5,Total war,2512,
5110/9h,b,5,War,2513,
5110/10,b,4,Leadership,2514,
5110/11,b,4,Logistics,2515,
5110/11a,b,5,Materiel,2516,
5110/11b,b,5,Supply chain management,2517,
5110/12,b,4,Military operation,2518,
5110/13,b,4,Military history,2519,
5110/13a,b,5,Prehistoric,2520,
5110/13b,b,5,Ancient,2521,
5110/13c,b,5,Medieval,2522,
5110/13d,b,5,Early modern,2523,
5110/13e,b,5,Industrial,2524,
5110/13f,b,5,Modern,2525,
5110/13g,b,5,Fourth-generation warfare,2526,
5110/14,b,4,Military intelligence,2527,
5110/15,b,4,Military law,2528,
5110/16,b,4,Military medicine,2529,
5110/17,b,4,Naval science,2530,
5110/17a,b,5,Naval engineering,2531,
5110/17b,b,5,Naval tactics,2532,
5110/17c,b,5,Naval architecture,2533,
5110/18,b,4,Organization,2534,
5110/18a,b,5,Command and control,2535,
5110/18b,b,5,Doctrine,2536,
5110/18c,b,5,Education and training,2537,
5110/18d,b,5,Engineers,2538,
5110/18e,b,5,Intelligence,2539,
5110/18f,b,5,Ranks,2540,
5110/18g,b,5,Staff,2541,
5110/18h,b,5,Technology and equipment,2542,
5110/18i,b,5,Military exercises,2543,
5110/18j,b,5,Military simulation,2544,
5110/18k,b,5,Military sports,2545,
5110/19,b,4,Strategy,2546,
5110/19a,b,5,Attrition,2547,
5110/19b,b,5,Deception,2548,
5110/19c,b,5,Defensive,2549,
5110/19d,b,5,Offensive,2550,
5110/19e,b,5,Counter-offensive,2551,
5110/19f,b,5,Maneuver,2552,
5110/19g,b,5,Goal,2553,
5110/19h,b,5,Naval,2554,
5110/20,b,4,Tactics,2555,
5110/20a,b,5,Aerial,2556,
5110/20b,b,5,Battle,2557,
5110/20c,b,5,Cavalry,2558,
5110/20d,b,5,Charge,2559,
5110/20e,b,5,Counter-attack,2560,
5110/20f,b,5,Counter-insurgency,2561,
5110/20g,b,5,Counter-intelligence,2562,
5110/20h,b,5,Counter-terrorism,2563,
5110/20i,b,5,Foxhole,2564,
5110/20j,b,5,Endemic warfare,2565,
5110/20k,b,5,Guerrilla warfare,2566,
5110/20l,b,5,Infiltration,2567,
5110/20m,b,5,Irregular warfare,2568,
5110/20n,b,5,Morale,2569,
5110/20o,b,5,Naval tactics,2570,
5110/20p,b,5,Siege,2571,
5110/20q,b,5,Surgical strike,2572,
5110/20r,b,5,Tactical objective,2573,
5110/20s,b,5,Trench warfare,2574,
5110/21,b,4,Military weapons,2575,
5110/21a,b,5,Armor,2576,
5110/21b,b,5,Artillery,2577,
5110/21c,b,5,Biological,2578,
5110/21d,b,5,Cavalry,2579,
5110/21e,b,5,Conventional,2580,
5110/21f,b,5,Chemical,2581,
5110/21g,b,5,Cyber,2582,
5110/21h,b,5,Economic,2583,
5110/21i,b,5,Electronic,2584,
5110/21j,b,5,Infantry,2585,
5110/21k,b,5,Nuclear,2586,
5110/21l,b,5,Psychological,2587,
5110/21m,b,5,Unconventional,2588,
5110/22,b,4,Other Military,2589,
5110/22a,b,5,Arms control,2590,
5110/22b,b,5,Arms race,2591,
5110/22c,b,5,Assassination,2592,
5110/22d,b,5,Asymmetric warfare,2593,
5110/22e,b,5,Civil defense,2594,
5110/22f,b,5,Clandestine operation,2595,
5110/22g,b,5,Collateral damage,2596,
5110/22h,b,5,Cold war (general term),2597,
5110/22i,b,5,Combat,2598,
5110/22j,b,5,Covert operation,2599,
5110/22k,b,5,Cyberwarfare,2600,
5110/22l,b,5,Defense industry,2601,
5110/22m,b,5,Disarmament,2602,
5110/22n,b,5,Intelligence agency,2603,
5110/22o,b,5,Laws of war,2604,
5110/22p,b,5,Mercenary,2605,
5110/22q,b,5,Military campaign,2606,
5110/22r,b,5,Military operation,2607,
5110/22s,b,5,Mock combat,2608,
5110/22t,b,5,Network-centric warfare,2609,
5110/22u,b,5,Paramilitary,2610,
5110/22v,b,5,Principles of war,2611,
5110/22w,b,5,Private defense agency,2612,
5110/22x,b,5,Private military company,2613,
5110/22y,b,5,Proxy war,2614,
5110/22z,b,5,Religious war,2615,
5110/22aa,b,5,Security,2616,
5110/22ab,b,5,Special forces,2617,
5110/22ac,b,5,Special operations,2618,
5110/22ad,b,5,Theater (warfare),2619,
5110/22ae,b,5,Theft,2620,
5110/22af,b,5,Undercover,2621,
5110/22ag,b,5,War crimes,2622,
5110/22ah,b,5,Warrior,2623,
5120,h,1,Public administration,2625,
5120/1,b,4,Civil service,2627,
5120/2,b,4,Corrections,2628,
5120/3,b,4,Conservation biology,2629,
5120/4,b,4,Criminal justice,2630,
5120/5,b,4,Disaster research,2631,
5120/6,b,4,Disaster response,2632,
5120/7,b,4,Emergency management,2633,
5120/8,b,4,Emergency services,2634,
5120/9,b,4,Fire safety (Structural fire protection),2635,
5120/10,b,4,Fire ecology (Wildland fire management),2636,
5120/11,b,4,Governmental affairs,2637,
5120/12,b,4,International affairs,2638,
5120/13,b,4,Law enforcement,2639,
5120/14,b,4,Peace and conflict studies,2640,
5120/15,b,4,Police science,2641,
5120/16,b,4,Policy studies,2642,
5120/16a,b,5,Policy analysis,2643,
5120/17,b,4,Public administration,2644,
5120/17a,b,5,Nonprofit administration,2645,
5120/17b,b,5,Non-governmental organization (NGO) administration,2646,
5120/17c,b,5,Public policy doctrine,2647,
5120/17d,b,5,Public policy school,2648,
5120/17e,b,5,Regulation,2649,
5120/18,b,4,Public safety,2650,
5120/19,b,4,Public service,2651,
5130,h,1,Public policy,2653,
5130/1,b,4,Agricultural policy,2655,
5130/2,b,4,Commercial policy,2656,
5130/3,b,4,Cultural policy,2657,
5130/4,b,4,Domestic policy,2658,
5130/5,b,4,Drug policy,2659,
5130/5a,b,5,Drug policy reform,2660,
5130/6,b,4,Economic policy,2661,
5130/6a,b,5,Fiscal policy,2662,
5130/6b,b,5,Incomes policy,2663,
5130/6c,b,5,Industrial policy,2664,
5130/6d,b,5,Investment policy,2665,
5130/6e,b,5,Monetary policy,2666,
5130/6f,b,5,Tax policy,2667,
5130/7,b,4,Education policy,2668,
5130/8,b,4,Energy policy,2669,
5130/8a,b,5,Nuclear energy policy,2670,
5130/8b,b,5,Renewable energy policy,2671,
5130/9,b,4,Environmental policy,2672,
5130/10,b,4,Food policy,2673,
5130/11,b,4,Foreign policy,2674,
5130/12,b,4,Governance,2675,
5130/13,b,4,Health policy,2676,
5130/13a,b,5,Pharmaceutical policy,2677,
5130/13b,b,5,Vaccination policy,2678,
5130/14,b,4,Housing policy,2679,
5130/15,b,4,Immigration policy,2680,
5130/16,b,4,Knowledge policy,2681,
5130/17,b,4,Language policy,2682,
5130/18,b,4,Military policy,2683,
5130/19,b,4,Science policy,2684,
5130/19a,b,5,Climate change policy,2685,
5130/19b,b,5,Stem cell research policy,2686,
5130/19c,b,5,Space policy,2687,
5130/19d,b,5,Technology policy,2688,
5130/20,b,4,Security policy,2689,
5130/21,b,4,Social policy,2690,
5130/22,b,4,Public policy by country,2691,
5140,h,1,Social work,2693,
5140/1,b,4,Child welfare,2695,
5140/2,b,4,Community practice,2696,
5140/2a,b,5,Community organizing,2697,
5140/2b,b,5,Social policy,2698,
5140/3,b,4,Human Services,2699,
5140/4,b,4,Corrections,2700,
5140/5,b,4,Gerontology,2701,
5140/6,b,4,Medical social work,2702,
5140/7,b,4,Mental health,2703,
5140/8,b,4,School social work,2704,
5150,h,1,Transportation,2706,
5150/1,b,4,Highway safety,2708,
5150/2,b,4,Infographics,2709,
5150/3,b,4,Intermodal transportation studies,2710,
5150/4,b,4,Logistics,2711,
5150/5,b,4,Marine transportation,2712,
5150/5a,b,5,Port management,2713,
5150/5b,b,5,Seafaring,2714,
5150/6,b,4,Operations research,2715,
5150/7,b,4,Mass transit,2716,
5150/8,b,4,Travel,2717,
5150/9,b,4,Vehicles,2718,
